clip_id,video,beg_frame,end_frame,beg_ts,end_ts,shot_type,fps,numFrame,seconds,action,subset
0,video_FACEOFF_000055.mp4,0,135,0.0,4.5,close,29.97,392,13.08,faceoff,test
1,video_FACEOFF_000055.mp4,135,390,4.5,13.01,close,29.97,392,13.08,faceoff,valid
2,video_FACEOFF_000056.mp4,380,455,12.68,15.18,close,29.97,522,17.42,faceoff,train
3,video_FACEOFF_000056.mp4,0,50,0.0,1.67,far,29.97,522,17.42,faceoff,valid
4,video_FACEOFF_000057.mp4,0,5,0.0,0.17,close,29.97,578,19.29,faceoff,train
5,video_FACEOFF_000058.mp4,10,75,0.33,2.5,close,29.97,488,16.28,faceoff,test
6,video_FACEOFF_000059.mp4,0,40,0.0,1.33,mid,29.97,480,16.02,faceoff,test
7,video_FACEOFF_000060.mp4,0,40,0.0,1.33,mid,29.97,571,19.05,faceoff,valid
8,video_FACEOFF_000063.mp4,640,980,21.35,32.7,close,29.97,984,32.83,faceoff,train
9,video_FACEOFF_000064.mp4,0,150,0.0,5.0,close,29.97,423,14.11,faceoff,valid
10,video_FACEOFF_000066.mp4,145,670,4.84,22.36,close,29.97,701,23.39,faceoff,valid
11,video_FACEOFF_000067.mp4,0,145,0.0,4.84,close,29.97,593,19.79,faceoff,train
12,video_FACEOFF_000068.mp4,510,695,17.02,23.19,far,29.97,904,30.16,faceoff,train
13,video_FACEOFF_000070.mp4,0,40,0.0,1.33,far,29.97,513,17.12,faceoff,train
14,video_FACEOFF_000075.mp4,160,235,5.34,7.84,far,29.97,334,11.14,faceoff,train
15,video_FACEOFF_000076.mp4,0,15,0.0,0.5,far,29.97,521,17.38,faceoff,valid
16,video_FACEOFF_000082.mp4,1440,1555,48.05,51.89,close,29.97,2023,67.5,faceoff,train
17,video_FACEOFF_000083.mp4,0,15,0.0,0.5,close,29.97,334,11.14,faceoff,test
18,video_FACEOFF_000084.mp4,160,175,5.34,5.84,close,29.97,519,17.32,faceoff,train
19,video_FACEOFF_000085.mp4,45,95,1.5,3.17,close,29.97,424,14.15,faceoff,test
20,video_FACEOFF_000086.mp4,0,80,0.0,2.67,close,29.97,615,20.52,faceoff,valid
21,video_FACEOFF_000087.mp4,190,320,6.34,10.68,close,29.97,452,15.08,faceoff,valid
22,video_FACEOFF_000091.mp4,215,330,7.17,11.01,close,29.97,424,14.15,faceoff,train
23,video_FACEOFF_000091.mp4,75,205,2.5,6.84,close,29.97,424,14.15,faceoff,valid
24,video_FACEOFF_000091.mp4,0,60,0.0,2.0,close,29.97,424,14.15,faceoff,train
25,video_FACEOFF_000094.mp4,400,470,13.35,15.68,close,29.97,873,29.13,faceoff,test
26,video_FACEOFF_000098.mp4,205,400,6.84,13.35,close,29.97,490,16.35,faceoff,train
27,video_FACEOFF_000100.mp4,0,95,0.0,3.17,close,29.97,296,9.88,faceoff,train
28,video_FACEOFF_000103.mp4,0,70,0.0,2.34,close,29.97,401,13.38,faceoff,train
29,video_FACEOFF_000109.mp4,0,165,0.0,5.51,far,29.97,430,14.35,faceoff,train
30,video_FACEOFF_000111.mp4,10,45,0.33,1.5,far,29.97,417,13.91,faceoff,train
31,video_FACEOFF_000112.mp4,0,15,0.0,0.5,far,29.97,490,16.35,faceoff,train
32,video_FACEOFF_000115.mp4,40,65,1.33,2.17,far,29.97,395,13.18,faceoff,train
33,video_FACEOFF_000115.mp4,335,390,11.18,13.01,far,29.97,395,13.18,faceoff,test
34,video_FACEOFF_000117.mp4,40,340,1.33,11.34,far,29.97,655,21.86,faceoff,train
35,video_FACEOFF_000118.mp4,150,360,5.0,12.01,far,29.97,519,17.32,faceoff,valid
36,video_FACEOFF_000119.mp4,15,140,0.5,4.67,far,29.97,469,15.65,faceoff,test
37,video_FACEOFF_000120.mp4,480,540,16.02,18.02,close,29.97,628,20.95,faceoff,test
38,video_FACEOFF_000121.mp4,10,390,0.33,13.01,close,29.97,403,13.45,faceoff,train
39,video_FACEOFF_000123.mp4,15,200,0.5,6.67,close,29.97,556,18.55,faceoff,valid
40,video_FACEOFF_000123.mp4,400,520,13.35,17.35,close,29.97,556,18.55,faceoff,train
41,video_FACEOFF_000124.mp4,60,100,2.0,3.34,far,29.97,329,10.98,faceoff,valid
42,video_FACEOFF_000125.mp4,220,245,7.34,8.17,far,29.97,466,15.55,faceoff,valid
43,video_FACEOFF_000127.mp4,0,105,0.0,3.5,mid,29.97,345,11.51,faceoff,train
44,video_FACEOFF_000128.mp4,405,450,13.51,15.02,mid,29.97,476,15.88,faceoff,train
45,video_FACEOFF_000129.mp4,280,410,9.34,13.68,far,29.97,581,19.39,faceoff,train
46,video_FACEOFF_000132.mp4,60,135,2.0,4.5,far,29.97,413,13.78,faceoff,train
47,video_FACEOFF_000132.mp4,140,170,4.67,5.67,close,29.97,413,13.78,faceoff,train
48,video_FACEOFF_000132.mp4,175,185,5.84,6.17,far,29.97,413,13.78,faceoff,valid
49,video_FACEOFF_000133.mp4,60,225,2.0,7.51,mid,29.97,394,13.15,faceoff,test
50,video_FACEOFF_000133.mp4,235,255,7.84,8.51,far,29.97,394,13.15,faceoff,test
51,video_FACEOFF_000135.mp4,0,55,0.0,1.84,close,29.97,532,17.75,faceoff,train
52,video_FACEOFF_000135.mp4,170,275,5.67,9.18,far,29.97,532,17.75,faceoff,test
53,video_FACEOFF_000136.mp4,0,35,0.0,1.17,far,29.97,551,18.39,faceoff,train
54,video_FACEOFF_000139.mp4,155,175,5.17,5.84,mid,29.97,428,14.28,faceoff,train
55,video_FACEOFF_000140.mp4,185,215,6.17,7.17,far,29.97,483,16.12,faceoff,train
56,video_FACEOFF_000141.mp4,185,260,6.17,8.68,mid,29.97,622,20.75,faceoff,train
57,video_FACEOFF_000144.mp4,185,320,6.17,10.68,far,29.97,621,20.72,faceoff,valid
58,video_FACEOFF_000146.mp4,35,205,1.17,6.84,mid,29.97,420,14.01,faceoff,valid
59,video_FACEOFF_000148.mp4,225,355,7.51,11.85,far,29.97,541,18.05,faceoff,train
60,video_FACEOFF_000151.mp4,110,225,3.67,7.51,mid,29.97,435,14.51,faceoff,train
61,video_FACEOFF_000152.mp4,215,260,7.17,8.68,far,29.97,506,16.88,faceoff,train
62,video_FACEOFF_000153.mp4,0,100,0.0,3.34,far,29.97,335,11.18,faceoff,train
63,video_FACEOFF_000155.mp4,20,95,0.67,3.17,far,29.97,342,11.41,faceoff,test
64,video_FACEOFF_000156.mp4,3265,3305,108.94,110.28,far,29.97,3659,122.09,faceoff,train
65,video_FACEOFF_000163.mp4,0,120,0.0,4.0,far,29.97,634,21.15,faceoff,train
66,video_FACEOFF_000164.mp4,40,60,1.33,2.0,far,29.97,578,19.29,faceoff,test
67,video_FACEOFF_000164.mp4,150,190,5.0,6.34,far,29.97,578,19.29,faceoff,test
68,video_FACEOFF_000165.mp4,220,290,7.34,9.68,far,29.97,620,20.69,faceoff,test
69,video_FACEOFF_000166.mp4,0,20,0.0,0.67,far,29.97,466,15.55,faceoff,train
70,video_FACEOFF_000166.mp4,440,465,14.68,15.52,far,29.97,466,15.55,faceoff,train
71,video_FACEOFF_000167.mp4,260,495,8.68,16.52,far,29.97,556,18.55,faceoff,valid
72,video_FACEOFF_000168.mp4,220,395,7.34,13.18,far,29.97,433,14.45,faceoff,train
73,video_FACEOFF_000170.mp4,85,125,2.84,4.17,far,29.97,295,9.84,faceoff,test
74,video_FACEOFF_000172.mp4,260,290,8.68,9.68,far,29.97,294,9.81,faceoff,train
75,video_FACEOFF_000174.mp4,0,65,0.0,2.17,close,29.97,337,11.24,faceoff,valid
76,video_FACEOFF_000174.mp4,70,135,2.34,4.5,far,29.97,337,11.24,faceoff,train
77,video_FACEOFF_000177.mp4,600,635,20.02,21.19,far,29.97,637,21.25,faceoff,train
78,video_FACEOFF_000178.mp4,50,80,1.67,2.67,far,29.97,691,23.06,faceoff,valid
79,video_FACEOFF_000179.mp4,320,415,10.68,13.85,close,29.97,1170,39.04,faceoff,train
80,video_FACEOFF_000180.mp4,15,75,0.5,2.5,far,29.97,476,15.88,faceoff,train
81,video_FACEOFF_000182.mp4,175,330,5.84,11.01,close,29.97,603,20.12,faceoff,test
82,video_FACEOFF_000183.mp4,245,350,8.17,11.68,far,29.97,353,11.78,faceoff,train
83,video_FACEOFF_000184.mp4,115,175,3.84,5.84,far,29.97,478,15.95,faceoff,train
84,video_FACEOFF_000185.mp4,80,150,2.67,5.0,far,29.97,447,14.91,faceoff,train
85,video_FACEOFF_000186.mp4,340,440,11.34,14.68,close,29.97,736,24.56,faceoff,train
86,video_FACEOFF_000187.mp4,0,120,0.0,4.0,close,29.97,391,13.05,faceoff,train
87,video_FACEOFF_000190.mp4,390,515,13.01,17.18,mid,29.97,518,17.28,faceoff,train
88,video_FACEOFF_000191.mp4,0,100,0.0,3.34,mid,29.97,367,12.25,faceoff,test
89,video_FACEOFF_000194.mp4,420,445,14.01,14.85,mid,29.97,448,14.95,faceoff,train
90,video_FACEOFF_000351.mp4,0,40,0.0,1.33,far,29.97,478,15.95,faceoff,test
91,video_FACEOFF_000352.mp4,160,240,5.34,8.01,far,29.97,366,12.21,faceoff,valid
92,video_FACEOFF_000353.mp4,0,30,0.0,1.0,far,29.97,394,13.15,faceoff,train
93,video_FACEOFF_000358.mp4,245,295,8.17,9.84,mid,29.97,596,19.89,faceoff,test
94,video_FACEOFF_000361.mp4,280,295,9.34,9.84,far,29.97,479,15.98,faceoff,train
95,video_FACEOFF_000368.mp4,125,215,4.17,7.17,mid,29.97,548,18.28,faceoff,valid
96,video_FACEOFF_000369.mp4,150,180,5.0,6.01,mid,29.97,442,14.75,faceoff,train
97,video_FACEOFF_000370.mp4,75,105,2.5,3.5,mid,29.97,475,15.85,faceoff,train
98,video_FACEOFF_000378.mp4,60,180,2.0,6.01,far,29.97,412,13.75,faceoff,train
99,video_FACEOFF_000380.mp4,220,280,7.34,9.34,far,29.97,633,21.12,faceoff,valid
100,video_FACEOFF_000381.mp4,165,250,5.51,8.34,far,29.97,549,18.32,faceoff,train
101,video_FACEOFF_000382.mp4,255,295,8.51,9.84,mid,29.97,511,17.05,faceoff,valid
102,video_FACEOFF_000384.mp4,620,715,20.69,23.86,far,29.97,823,27.46,faceoff,valid
103,video_FACEOFF_000385.mp4,130,180,4.34,6.01,mid,29.97,329,10.98,faceoff,valid
104,video_FACEOFF_000386.mp4,275,385,9.18,12.85,far,29.97,554,18.49,faceoff,train
105,video_FACEOFF_000387.mp4,480,490,16.02,16.35,far,29.97,495,16.52,faceoff,valid
106,video_FACEOFF_000388.mp4,105,140,3.5,4.67,far,29.97,368,12.28,faceoff,test
107,video_FACEOFF_000390.mp4,380,440,12.68,14.68,far,29.97,657,21.92,faceoff,test
108,video_FACEOFF_000395.mp4,320,325,10.68,10.84,mid,29.97,328,10.94,faceoff,test
109,video_FACEOFF_000396.mp4,250,305,8.34,10.18,mid,29.97,310,10.34,faceoff,train
110,video_FACEOFF_000397.mp4,0,150,0.0,5.0,far,29.97,499,16.65,faceoff,valid
111,video_FACEOFF_000398.mp4,55,120,1.84,4.0,mid,29.97,373,12.45,faceoff,train
112,video_FACEOFF_000400.mp4,325,330,10.84,11.01,mid,29.97,334,11.14,faceoff,valid
113,video_FACEOFF_000403.mp4,0,100,0.0,3.34,close,29.97,478,15.95,faceoff,test
114,video_FACEOFF_000405.mp4,255,380,8.51,12.68,far,29.97,671,22.39,faceoff,train
115,video_FACEOFF_000407.mp4,40,220,1.33,7.34,far,29.97,546,18.22,faceoff,valid
116,video_FACEOFF_000409.mp4,0,10,0.0,0.33,far,29.97,385,12.85,faceoff,train
117,video_FACEOFF_000410.mp4,55,85,1.84,2.84,far,29.97,452,15.08,faceoff,train
118,video_FACEOFF_000411.mp4,400,455,13.35,15.18,far,29.97,460,15.35,faceoff,train
119,video_FACEOFF_000413.mp4,75,280,2.5,9.34,far,29.97,388,12.95,faceoff,train
120,video_FACEOFF_000414.mp4,30,150,1.0,5.0,mid,29.97,461,15.38,faceoff,test
121,video_FACEOFF_000415.mp4,70,140,2.34,4.67,mid,29.97,555,18.52,faceoff,train
122,video_FACEOFF_000417.mp4,205,225,6.84,7.51,far,29.97,458,15.28,faceoff,test
123,video_FACEOFF_000420.mp4,250,290,8.34,9.68,far,29.97,690,23.02,faceoff,train
124,video_FACEOFF_000422.mp4,105,165,3.5,5.51,far,29.97,419,13.98,faceoff,train
125,video_FACEOFF_000423.mp4,300,320,10.01,10.68,mid,29.97,516,17.22,faceoff,train
126,video_FACEOFF_000424.mp4,220,380,7.34,12.68,far,29.97,672,22.42,faceoff,test
127,video_FACEOFF_000427.mp4,20,85,0.67,2.84,far,29.97,435,14.51,faceoff,train
128,video_FACEOFF_000429.mp4,80,115,2.67,3.84,mid,29.97,571,19.05,faceoff,train
129,video_FACEOFF_000430.mp4,165,455,5.51,15.18,mid,29.97,662,22.09,faceoff,train
130,video_FACEOFF_000432.mp4,430,555,14.35,18.52,mid,29.97,558,18.62,faceoff,train
131,video_FACEOFF_000433.mp4,50,190,1.67,6.34,close,29.97,518,17.28,faceoff,train
132,video_FACEOFF_000436.mp4,65,130,2.17,4.34,mid,29.97,463,15.45,faceoff,test
133,video_FACEOFF_000437.mp4,0,140,0.0,4.67,far,29.97,531,17.72,faceoff,valid
134,video_FACEOFF_000438.mp4,235,270,7.84,9.01,mid,29.97,352,11.75,faceoff,train
135,video_FACEOFF_000439.mp4,520,640,17.35,21.35,mid,29.97,878,29.3,faceoff,test
136,video_FACEOFF_000440.mp4,320,425,10.68,14.18,mid,29.97,469,15.65,faceoff,test
137,video_FACEOFF_000441.mp4,135,270,4.5,9.01,mid,29.97,656,21.89,faceoff,train
138,video_FACEOFF_000443.mp4,260,480,8.68,16.02,mid,29.97,482,16.08,faceoff,test
139,video_FACEOFF_000444.mp4,105,400,3.5,13.35,mid,29.97,550,18.35,faceoff,train
140,video_FACEOFF_000445.mp4,170,395,5.67,13.18,mid,29.97,491,16.38,faceoff,test
141,video_FACEOFF_000447.mp4,240,395,8.01,13.18,mid,29.97,613,20.45,faceoff,valid
142,video_FACEOFF_000450.mp4,595,620,19.85,20.69,mid,29.97,623,20.79,faceoff,train
143,video_FACEOFF_000452.mp4,150,245,5.0,8.17,mid,29.97,495,16.52,faceoff,train
144,video_FACEOFF_000453.mp4,300,415,10.01,13.85,mid,29.97,542,18.08,faceoff,train
145,video_FACEOFF_000454.mp4,0,115,0.0,3.84,mid,29.97,613,20.45,faceoff,train
146,video_FACEOFF_000460.mp4,0,5,0.0,0.17,close,29.97,405,13.51,faceoff,train
147,video_FACEOFF_000467.mp4,0,70,0.0,2.34,mid,29.97,663,22.12,faceoff,valid
148,video_FACEOFF_000472.mp4,560,625,18.69,20.85,close,29.97,709,23.66,faceoff,train
149,video_FACEOFF_000474.mp4,340,475,11.34,15.85,mid,29.97,836,27.89,faceoff,train
150,video_FACEOFF_000476.mp4,0,40,0.0,1.33,close,29.97,356,11.88,faceoff,train
151,video_FACEOFF_000477.mp4,0,40,0.0,1.33,close,29.97,388,12.95,faceoff,valid
152,video_FACEOFF_000478.mp4,175,265,5.84,8.84,far,29.97,757,25.26,faceoff,train
153,video_FACEOFF_000479.mp4,220,300,7.34,10.01,far,29.97,630,21.02,faceoff,train
154,video_FACEOFF_000481.mp4,410,480,13.68,16.02,far,29.97,576,19.22,faceoff,train
155,video_FACEOFF_000485.mp4,45,390,1.5,13.01,mid,29.97,859,28.66,faceoff,train
156,video_FACEOFF_000486.mp4,215,270,7.17,9.01,close,29.97,541,18.05,faceoff,test
157,video_FACEOFF_000487.mp4,65,115,2.17,3.84,close,29.97,446,14.88,faceoff,valid
158,video_FACEOFF_000491.mp4,0,25,0.0,0.83,far,29.97,715,23.86,faceoff,train
159,video_FACEOFF_000492.mp4,715,845,23.86,28.19,close,29.97,916,30.56,faceoff,train
160,video_FACEOFF_000493.mp4,70,370,2.34,12.35,mid,29.97,793,26.46,faceoff,valid
161,video_FACEOFF_000494.mp4,360,540,12.01,18.02,close,29.97,931,31.06,faceoff,test
162,video_FACEOFF_000495.mp4,435,795,14.51,26.53,close,29.97,884,29.5,faceoff,valid
163,video_FACEOFF_000496.mp4,40,420,1.33,14.01,far,29.97,657,21.92,faceoff,train
164,video_FACEOFF_000497.mp4,0,85,0.0,2.84,close,29.97,488,16.28,faceoff,test
165,video_FACEOFF_000500.mp4,0,60,0.0,2.0,far,29.97,496,16.55,faceoff,train
166,video_FACEOFF_000501.mp4,0,20,0.0,0.67,far,29.97,396,13.21,faceoff,test
167,video_FACEOFF_000504.mp4,40,50,1.33,1.67,far,29.97,354,11.81,faceoff,valid
168,video_FACEOFF_000506.mp4,280,355,9.34,11.85,close,29.97,552,18.42,faceoff,train
169,video_FACEOFF_000509.mp4,300,425,10.01,14.18,close,29.97,426,14.21,faceoff,valid
170,video_FACEOFF_000510.mp4,315,440,10.51,14.68,far,29.97,505,16.85,faceoff,test
171,video_FACEOFF_000511.mp4,80,180,2.67,6.01,far,29.97,561,18.72,faceoff,train
172,video_FACEOFF_000512.mp4,0,40,0.0,1.33,far,29.97,293,9.78,faceoff,valid
173,video_FACEOFF_000516.mp4,270,360,9.01,12.01,far,29.97,714,23.82,faceoff,test
174,video_FACEOFF_000517.mp4,165,270,5.51,9.01,far,29.97,653,21.79,faceoff,test
175,video_FACEOFF_000520.mp4,55,120,1.84,4.0,far,29.97,665,22.19,faceoff,valid
176,video_FACEOFF_000522.mp4,180,200,6.01,6.67,far,29.97,567,18.92,faceoff,test
177,video_FACEOFF_000523.mp4,270,660,9.01,22.02,close,29.97,710,23.69,faceoff,train
178,video_FACEOFF_000524.mp4,110,140,3.67,4.67,close,29.97,446,14.88,faceoff,train
179,video_FACEOFF_000532.mp4,0,240,0.0,8.01,far,29.97,456,15.22,faceoff,test
180,video_FACEOFF_000537.mp4,0,90,0.0,3.0,close,29.97,596,19.89,faceoff,test
181,video_FACEOFF_000541.mp4,0,400,0.0,13.35,far,29.97,998,33.3,faceoff,train
182,video_FACEOFF_000541.mp4,570,645,19.02,21.52,close,29.97,998,33.3,faceoff,train
183,video_FACEOFF_000546.mp4,415,475,13.85,15.85,far,29.97,477,15.92,faceoff,train
184,video_FACEOFF_000546.mp4,360,390,12.01,13.01,close,29.97,477,15.92,faceoff,train
185,video_FACEOFF_000547.mp4,60,275,2.0,9.18,far,29.97,453,15.12,faceoff,train
186,video_FACEOFF_000549.mp4,135,180,4.5,6.01,mid,29.97,319,10.64,faceoff,test
187,video_FACEOFF_000550.mp4,160,180,5.34,6.01,mid,29.97,428,14.28,faceoff,valid
188,video_FACEOFF_000551.mp4,315,380,10.51,12.68,far,29.97,789,26.33,faceoff,train
189,video_FACEOFF_000552.mp4,240,290,8.01,9.68,close,29.97,545,18.18,faceoff,train
190,video_FACEOFF_000553.mp4,120,160,4.0,5.34,close,29.97,490,16.35,faceoff,test
191,video_FACEOFF_000555.mp4,60,115,2.0,3.84,close,29.97,466,15.55,faceoff,train
192,video_FACEOFF_000556.mp4,250,280,8.34,9.34,far,29.97,399,13.31,faceoff,valid
193,video_FACEOFF_000557.mp4,40,130,1.33,4.34,close,29.97,634,21.15,faceoff,train
194,video_FACEOFF_000560.mp4,0,100,0.0,3.34,far,29.97,503,16.78,faceoff,train
195,video_FACEOFF_000561.mp4,235,305,7.84,10.18,close,29.97,595,19.85,faceoff,train
196,video_FACEOFF_000565.mp4,295,350,9.84,11.68,far,29.97,502,16.75,faceoff,train
197,video_FACEOFF_000566.mp4,80,130,2.67,4.34,far,29.97,394,13.15,faceoff,valid
198,video_FACEOFF_000568.mp4,450,545,15.02,18.18,close,29.97,638,21.29,faceoff,train
199,video_FACEOFF_000569.mp4,820,855,27.36,28.53,mid,29.97,1123,37.47,faceoff,train
200,video_FACEOFF_000575.mp4,0,220,0.0,7.34,close,29.97,823,27.46,faceoff,train
201,video_FACEOFF_000575.mp4,335,435,11.18,14.51,close,29.97,823,27.46,faceoff,valid
202,video_FACEOFF_000576.mp4,320,375,10.68,12.51,mid,29.97,502,16.75,faceoff,train
203,video_FACEOFF_000577.mp4,420,500,14.01,16.68,close,29.97,737,24.59,faceoff,train
204,video_FACEOFF_000580.mp4,660,760,22.02,25.36,close,29.97,769,25.66,faceoff,test
205,video_FACEOFF_000581.mp4,0,30,0.0,1.0,mid,29.97,481,16.05,faceoff,test
206,video_FACEOFF_000584.mp4,0,95,0.0,3.17,far,29.97,512,17.08,faceoff,train
207,video_FACEOFF_000585.mp4,220,360,7.34,12.01,far,29.97,628,20.95,faceoff,train
208,video_FACEOFF_000587.mp4,40,410,1.33,13.68,mid,29.97,415,13.85,faceoff,train
209,video_FACEOFF_000588.mp4,0,320,0.0,10.68,mid,29.97,661,22.06,faceoff,train
210,video_FACEOFF_000596.mp4,140,360,4.67,12.01,far,29.97,361,12.05,faceoff,valid
211,video_FACEOFF_000598.mp4,220,305,7.34,10.18,mid,29.97,460,15.35,faceoff,train
212,video_FACEOFF_000599.mp4,240,285,8.01,9.51,close,29.97,886,29.56,faceoff,train
213,video_FACEOFF_000607.mp4,380,515,12.68,17.18,mid,29.97,622,20.75,faceoff,test
214,video_FACEOFF_000608.mp4,140,240,4.67,8.01,far,29.97,474,15.82,faceoff,train
215,video_FACEOFF_000610.mp4,40,275,1.33,9.18,far,29.97,541,18.05,faceoff,test
216,video_FACEOFF_000615.mp4,220,415,7.34,13.85,far,29.97,593,19.79,faceoff,train
217,video_FACEOFF_000617.mp4,0,115,0.0,3.84,far,29.97,487,16.25,faceoff,train
218,video_FACEOFF_000619.mp4,0,120,0.0,4.0,mid,29.97,626,20.89,faceoff,train
219,video_FACEOFF_000620.mp4,5,75,0.17,2.5,far,29.97,547,18.25,faceoff,train
220,video_FACEOFF_000622.mp4,0,200,0.0,6.67,far,29.97,521,17.38,faceoff,train
221,video_FACEOFF_000623.mp4,110,150,3.67,5.0,far,29.97,521,17.38,faceoff,train
222,video_FACEOFF_000624.mp4,60,155,2.0,5.17,far,29.97,694,23.16,faceoff,train
223,video_FACEOFF_000625.mp4,275,425,9.18,14.18,far,29.97,704,23.49,faceoff,train
224,video_FACEOFF_000628.mp4,0,80,0.0,2.67,far,29.97,964,32.17,faceoff,train
225,video_FACEOFF_000629.mp4,355,540,11.85,18.02,far,29.97,1048,34.97,faceoff,train
226,video_FACEOFF_000630.mp4,80,210,2.67,7.01,mid,29.97,753,25.13,faceoff,valid
227,video_FACEOFF_000632.mp4,0,415,0.0,13.85,far,29.97,686,22.89,faceoff,train
228,video_FACEOFF_000635.mp4,0,80,0.0,2.67,far,29.97,533,17.78,faceoff,train
229,video_FACEOFF_000638.mp4,325,405,10.84,13.51,far,29.97,953,31.8,faceoff,valid
230,video_FACEOFF_000643.mp4,40,155,1.33,5.17,far,29.97,720,24.02,faceoff,test
231,video_FACEOFF_000648.mp4,0,30,0.0,1.0,close,29.97,372,12.41,faceoff,valid
232,video_FACEOFF_000649.mp4,0,95,0.0,3.17,mid,29.97,352,11.75,faceoff,train
233,video_FACEOFF_000650.mp4,60,105,2.0,3.5,mid,29.97,407,13.58,faceoff,train
234,video_FACEOFF_000652.mp4,140,195,4.67,6.51,mid,29.97,652,21.76,faceoff,train
235,video_FACEOFF_000661.mp4,20,120,0.67,4.0,close,29.97,601,20.05,faceoff,test
236,video_FACEOFF_000663.mp4,140,295,4.67,9.84,close,29.97,660,22.02,faceoff,train
237,video_FACEOFF_000666.mp4,165,370,5.51,12.35,close,29.97,646,21.55,faceoff,train
238,video_FACEOFF_000835.mp4,235,280,7.84,9.34,close,29.97,590,19.69,faceoff,train
239,video_FACEOFF_000836.mp4,0,55,0.0,1.84,far,29.97,3380,112.78,faceoff,valid
240,video_FACEOFF_000837.mp4,400,430,13.35,14.35,far,29.97,612,20.42,faceoff,train
241,video_FACEOFF_000838.mp4,125,160,4.17,5.34,close,29.97,777,25.93,faceoff,valid
242,video_FACEOFF_000850.mp4,140,180,4.67,6.01,close,29.97,534,17.82,faceoff,train
243,video_FACEOFF_000851.mp4,35,240,1.17,8.01,far,29.97,528,17.62,faceoff,test
244,video_FACEOFF_000853.mp4,0,15,0.0,0.5,far,29.97,548,18.28,faceoff,train
245,video_FACEOFF_000854.mp4,0,20,0.0,0.67,far,29.97,709,23.66,faceoff,train
246,video_FACEOFF_000856.mp4,255,290,8.51,9.68,far,29.97,495,16.52,faceoff,train
247,video_FACEOFF_000858.mp4,0,20,0.0,0.67,mid,29.97,388,12.95,faceoff,valid
248,video_FACEOFF_000861.mp4,0,55,0.0,1.84,far,29.97,461,15.38,faceoff,train
249,video_FACEOFF_000862.mp4,435,485,14.51,16.18,far,29.97,488,16.28,faceoff,train
250,video_FACEOFF_000863.mp4,110,190,3.67,6.34,far,29.97,524,17.48,faceoff,train
251,video_FACEOFF_000864.mp4,205,400,6.84,13.35,mid,29.97,464,15.48,faceoff,train
252,video_FACEOFF_000865.mp4,50,335,1.67,11.18,far,29.97,815,27.19,faceoff,valid
253,video_FACEOFF_000866.mp4,285,545,9.51,18.18,far,29.97,803,26.79,faceoff,train
254,video_FACEOFF_000866.mp4,700,755,23.36,25.19,far,29.97,803,26.79,faceoff,train
255,video_FACEOFF_000867.mp4,380,500,12.68,16.68,mid,29.97,603,20.12,faceoff,train
256,video_FACEOFF_000868.mp4,80,195,2.67,6.51,far,29.97,425,14.18,faceoff,test
257,video_FACEOFF_000869.mp4,885,890,29.53,29.7,far,29.97,892,29.76,faceoff,train
258,video_FACEOFF_000873.mp4,20,215,0.67,7.17,far,29.97,578,19.29,faceoff,train
259,video_FACEOFF_000875.mp4,0,135,0.0,4.5,far,29.97,472,15.75,faceoff,train
260,video_FACEOFF_000876.mp4,0,75,0.0,2.5,close,29.97,525,17.52,faceoff,valid
261,video_FACEOFF_000880.mp4,0,20,0.0,0.67,far,29.97,434,14.48,faceoff,valid
262,video_FACEOFF_000881.mp4,0,150,0.0,5.0,far,29.97,455,15.18,faceoff,train
263,video_FACEOFF_000882.mp4,35,185,1.17,6.17,far,29.97,551,18.39,faceoff,train
264,video_FACEOFF_000883.mp4,0,175,0.0,5.84,far,29.97,462,15.42,faceoff,train
265,video_FACEOFF_000884.mp4,0,40,0.0,1.33,far,29.97,377,12.58,faceoff,test
266,video_FACEOFF_000886.mp4,0,50,0.0,1.67,far,29.97,422,14.08,faceoff,test
267,video_FACEOFF_000887.mp4,310,335,10.34,11.18,close,29.97,340,11.34,faceoff,train
268,video_FACEOFF_000889.mp4,0,210,0.0,7.01,far,29.97,399,13.31,faceoff,valid
269,video_FACEOFF_000890.mp4,0,110,0.0,3.67,far,29.97,427,14.25,faceoff,train
270,video_FACEOFF_000892.mp4,285,340,9.51,11.34,far,29.97,384,12.81,faceoff,valid
271,video_FACEOFF_000895.mp4,10,45,0.33,1.5,far,29.97,375,12.51,faceoff,test
272,video_FACEOFF_000896.mp4,45,245,1.5,8.17,far,29.97,810,27.03,faceoff,train
273,video_FACEOFF_000896.mp4,360,420,12.01,14.01,far,29.97,810,27.03,faceoff,train
274,video_FACEOFF_000902.mp4,420,530,14.01,17.68,mid,29.97,533,17.78,faceoff,train
275,video_FACEOFF_000906.mp4,280,415,9.34,13.85,far,29.97,425,14.18,faceoff,train
276,video_FACEOFF_000908.mp4,0,170,0.0,5.67,mid,29.97,763,25.46,faceoff,train
277,video_FACEOFF_000915.mp4,35,45,1.17,1.5,far,29.97,537,17.92,faceoff,train
278,video_FACEOFF_000916.mp4,0,115,0.0,3.84,mid,29.97,703,23.46,faceoff,train
279,video_FACEOFF_000920.mp4,435,585,14.51,19.52,close,29.97,613,20.45,faceoff,train
280,video_FACEOFF_000921.mp4,0,90,0.0,3.0,close,29.97,459,15.32,faceoff,train
281,video_FACEOFF_000922.mp4,0,55,0.0,1.84,close,29.97,524,17.48,faceoff,valid
282,video_FACEOFF_000924.mp4,180,305,6.01,10.18,close,29.97,470,15.68,faceoff,train
283,video_FACEOFF_000925.mp4,215,330,7.17,11.01,far,29.97,440,14.68,faceoff,test
284,video_FACEOFF_000926.mp4,285,485,9.51,16.18,close,29.97,487,16.25,faceoff,valid
285,video_FACEOFF_000927.mp4,75,185,2.5,6.17,close,29.97,333,11.11,faceoff,test
286,video_FACEOFF_000928.mp4,0,230,0.0,7.67,close,29.97,576,19.22,faceoff,train
287,video_FACEOFF_000932.mp4,0,40,0.0,1.33,mid,29.97,401,13.38,faceoff,train
288,video_FACEOFF_000934.mp4,0,45,0.0,1.5,close,29.97,398,13.28,faceoff,train
289,video_FACEOFF_000936.mp4,0,25,0.0,0.83,mid,29.97,425,14.18,faceoff,train
290,video_FACEOFF_000938.mp4,0,55,0.0,1.84,mid,29.97,493,16.45,faceoff,train
291,video_FACEOFF_000940.mp4,240,385,8.01,12.85,far,29.97,388,12.95,faceoff,test
292,video_FACEOFF_000941.mp4,0,335,0.0,11.18,far,29.97,553,18.45,faceoff,valid
293,video_FACEOFF_000943.mp4,0,45,0.0,1.5,far,29.97,395,13.18,faceoff,train
294,video_FACEOFF_000944.mp4,0,110,0.0,3.67,mid,29.97,459,15.32,faceoff,test
295,video_FACEOFF_000945.mp4,0,405,0.0,13.51,mid,29.97,450,15.02,faceoff,test
296,video_FACEOFF_000947.mp4,0,135,0.0,4.5,close,29.97,364,12.15,faceoff,test
297,video_FACEOFF_000948.mp4,0,120,0.0,4.0,mid,29.97,417,13.91,faceoff,valid
298,video_FACEOFF_000949.mp4,0,130,0.0,4.34,mid,29.97,423,14.11,faceoff,train
299,video_FACEOFF_000950.mp4,105,330,3.5,11.01,close,29.97,432,14.41,faceoff,test
300,video_FACEOFF_000957.mp4,415,455,13.85,15.18,mid,29.97,1011,33.73,faceoff,train
301,video_FACEOFF_000958.mp4,120,180,4.0,6.01,close,29.97,522,17.42,faceoff,train
302,video_FACEOFF_000959.mp4,80,260,2.67,8.68,close,29.97,460,15.35,faceoff,train
303,video_FACEOFF_000960.mp4,0,90,0.0,3.0,close,29.97,574,19.15,faceoff,train
304,video_FACEOFF_000961.mp4,0,60,0.0,2.0,close,29.97,392,13.08,faceoff,train
305,video_FACEOFF_000962.mp4,0,70,0.0,2.34,close,29.97,384,12.81,faceoff,train
306,video_FACEOFF_000964.mp4,0,110,0.0,3.67,close,29.97,391,13.05,faceoff,train
307,video_FACEOFF_000965.mp4,145,170,4.84,5.67,close,29.97,445,14.85,faceoff,train
308,video_FACEOFF_000966.mp4,340,545,11.34,18.18,mid,29.97,752,25.09,faceoff,train
309,video_FACEOFF_000968.mp4,0,165,0.0,5.51,far,29.97,452,15.08,faceoff,test
310,video_FACEOFF_000969.mp4,0,185,0.0,6.17,far,29.97,392,13.08,faceoff,train
311,video_FACEOFF_000970.mp4,0,110,0.0,3.67,far,29.97,335,11.18,faceoff,valid
312,video_FACEOFF_000971.mp4,320,445,10.68,14.85,mid,29.97,452,15.08,faceoff,train
313,video_FACEOFF_000972.mp4,0,75,0.0,2.5,mid,29.97,578,19.29,faceoff,train
314,video_FACEOFF_000973.mp4,105,275,3.5,9.18,far,29.97,428,14.28,faceoff,train
315,video_FACEOFF_000975.mp4,305,335,10.18,11.18,far,29.97,408,13.61,faceoff,train
316,video_FACEOFF_000980.mp4,25,110,0.83,3.67,mid,29.97,454,15.15,faceoff,train
317,video_FACEOFF_000986.mp4,200,425,6.67,14.18,mid,29.97,429,14.31,faceoff,train
318,video_FACEOFF_000988.mp4,25,75,0.83,2.5,mid,29.97,331,11.04,faceoff,valid
319,video_FACEOFF_000992.mp4,480,610,16.02,20.35,mid,29.97,611,20.39,faceoff,valid
320,video_FACEOFF_000997.mp4,315,350,10.51,11.68,mid,29.97,426,14.21,faceoff,train
321,video_FACEOFF_000999.mp4,165,310,5.51,10.34,mid,29.97,314,10.48,faceoff,valid
322,100_TRIPPING_2017-12-14-nyi-cbj-home_02_20_27.119000_to_02_20_49.241000.mp4,10,35,0.33,1.17,far,29.97,1226,44.48,tripping,valid
323,100_TRIPPING_2017-12-14-nyi-cbj-home_02_20_27.119000_to_02_20_49.241000.mp4,365,495,12.18,16.52,far,29.97,1226,44.48,tripping,train
324,100_TRIPPING_2017-12-14-nyi-cbj-home_02_20_27.119000_to_02_20_49.241000.mp4,1080,1120,36.04,37.37,far,29.97,1226,44.48,tripping,train
325,101_TRIPPING_2018-01-22-ott-min-home_02_16_17.436000_to_02_16_21.607000.mp4,170,315,5.67,10.51,far,29.97,718,26.71,faceoff,train
326,104_TRIPPING_2017-12-23-min-tbl-home_00_36_43.668000_to_00_36_51.943000.mp4,85,210,2.84,7.01,far,29.97,819,29.76,faceoff,valid
327,104_TRIPPING_2017-12-23-min-tbl-home_00_36_43.668000_to_00_36_51.943000.mp4,270,295,9.01,9.84,far,29.97,819,29.76,tripping,train
328,107_TRIPPING_2017-11-30-ari-cgy-national_01_00_11.575000_to_01_00_16.780000.mp4,400,585,13.35,19.52,mid,29.97,697,27.63,faceoff,valid
329,109_TRIPPING_2018-05-12-vgk-wpg-national_01_40_42.603000_to_01_40_45.172000.mp4,385,420,12.85,14.01,mid,29.97,651,24.15,faceoff,train
330,10_TRIPPING_2017-11-07-vgk-mtl-home_00_42_14.766000_to_00_42_24.142000.mp4,114,184,3.8,6.14,far,29.97,875,31.36,tripping,train
331,10_TRIPPING_2017-11-07-vgk-mtl-home_00_42_14.766000_to_00_42_24.142000.mp4,717,802,23.92,26.76,mid,29.97,875,31.36,tripping,train
332,111_TRIPPING_2018-01-12-van-cbj-home_02_05_09.502000_to_02_05_11.738000.mp4,289,334,9.64,11.14,mid,29.97,654,24.09,tripping,train
333,111_TRIPPING_2018-01-12-van-cbj-home_02_05_09.502000_to_02_05_11.738000.mp4,489,579,16.32,19.32,close,29.97,654,24.09,tripping,train
334,112_TRIPPING_2018-01-12-van-cbj-home_02_05_33.960000_to_02_05_40.866000.mp4,135,165,4.5,5.51,far,29.97,777,28.35,faceoff,train
335,113_TRIPPING_2018-04-15-cbj-wsh-home_03_22_57.866000_to_03_23_01.269000.mp4,185,310,6.17,10.34,far,29.97,650,24.11,faceoff,train
336,114_TRIPPING_2018-03-10-wpg-phi-home_00_24_11.050000_to_00_24_19.859000.mp4,450,535,15.02,17.85,far,29.97,854,31.4,tripping,test
337,115_TRIPPING_2018-01-13-edm-vgk-home_00_11_26.986000_to_00_11_36.529000.mp4,300,375,10.01,12.51,close,29.97,852,30.85,tripping,train
338,115_TRIPPING_2018-01-13-edm-vgk-home_00_11_26.986000_to_00_11_36.529000.mp4,460,510,15.35,17.02,mid,29.97,852,30.85,tripping,valid
339,116_TRIPPING_2018-01-13-edm-vgk-home_00_29_14.953000_to_00_29_20.225000.mp4,55,125,1.84,4.17,mid,29.97,706,27.56,tripping,train
340,116_TRIPPING_2018-01-13-edm-vgk-home_00_29_14.953000_to_00_29_20.225000.mp4,275,310,9.18,10.34,far,29.97,706,27.56,faceoff,train
341,117_TRIPPING_2018-02-01-fla-buf-home_00_14_38.511000_to_00_14_43.450000.mp4,170,245,5.67,8.17,mid,29.97,679,27.58,tripping,train
342,117_TRIPPING_2018-02-01-fla-buf-home_00_14_38.511000_to_00_14_43.450000.mp4,330,350,11.01,11.68,mid,29.97,679,27.58,tripping,train
343,118_TRIPPING_2017-12-11-wsh-nyi-home_01_33_24.799000_to_01_33_41.282000.mp4,965,1072,32.2,35.77,far,29.97,1072,38.57,tripping,valid
344,119_TRIPPING_2017-12-11-wsh-nyi-home_01_33_39.280000_to_01_33_46.354000.mp4,530,685,17.68,22.86,mid,29.97,774,29.08,tripping,train
345,11_TRIPPING_2017-11-07-vgk-mtl-home_00_42_27.645000_to_00_42_32.550000.mp4,260,355,8.68,11.85,mid,29.97,677,25.02,tripping,test
346,120_TRIPPING_2017-12-11-wsh-nyi-home_02_06_20.773000_to_02_06_27.647000.mp4,550,645,18.35,21.52,mid,29.97,754,29.25,tripping,train
347,122_TRIPPING_2018-02-13-ana-det-home_01_01_35.225000_to_01_01_52.309000.mp4,230,265,7.67,8.84,far,29.97,1085,38.64,faceoff,test
348,123_TRIPPING_2018-02-13-ana-det-home_02_07_19.565000_to_02_07_39.018000.mp4,315,430,10.51,14.35,close,29.97,1168,41.41,tripping,valid
349,123_TRIPPING_2018-02-13-ana-det-home_02_07_19.565000_to_02_07_39.018000.mp4,530,725,17.68,24.19,mid,29.97,1168,41.41,tripping,valid
350,123_TRIPPING_2018-02-13-ana-det-home_02_07_19.565000_to_02_07_39.018000.mp4,975,1005,32.53,33.53,far,29.97,1168,41.41,faceoff,valid
351,124_TRIPPING_2018-03-12-wpg-wsh-home_00_14_22.962000_to_00_14_26.566000.mp4,155,245,5.17,8.17,mid,29.97,698,25.73,tripping,test
352,124_TRIPPING_2018-03-12-wpg-wsh-home_00_14_22.962000_to_00_14_26.566000.mp4,355,420,11.85,14.01,close,29.97,698,25.73,tripping,train
353,125_TRIPPING_2017-12-08-min-ana-home_01_56_17.637000_to_01_56_23.009000.mp4,290,370,9.68,12.35,close,29.97,708,26.05,tripping,train
354,125_TRIPPING_2017-12-08-min-ana-home_01_56_17.637000_to_01_56_23.009000.mp4,430,510,14.35,17.02,mid,29.97,708,26.05,tripping,valid
355,126_TRIPPING_2018-03-19-fla-mtl-home_01_19_54.423000_to_01_19_59.595000.mp4,370,510,12.35,17.02,close,29.97,759,27.63,tripping,train
356,128_TRIPPING_2018-02-10-njd-cbj-home_01_14_29.598000_to_01_14_40.243000.mp4,145,265,4.84,8.84,mid,29.97,850,30.78,tripping,valid
357,128_TRIPPING_2018-02-10-njd-cbj-home_01_14_29.598000_to_01_14_40.243000.mp4,800,850,26.69,28.36,mid,29.97,850,30.78,faceoff,test
358,130_TRIPPING_2018-03-08-nyr-tbl-home_01_21_08.964000_to_01_21_16.806000.mp4,310,430,10.34,14.35,,29.97,810,30.53,tripping,train
359,131_TRIPPING_2018-02-17-fla-cgy-national_01_30_10.639000_to_01_30_23.251000.mp4,0,125,0.0,4.17,,29.97,912,32.85,tripping,test
360,131_TRIPPING_2018-02-17-fla-cgy-national_01_30_10.639000_to_01_30_23.251000.mp4,725,795,24.19,26.53,mid,29.97,912,32.85,tripping,test
361,133_TRIPPING_2017-11-24-det-nyr-home_02_09_32.898000_to_02_09_37.870000.mp4,540,560,18.02,18.69,mid,29.97,680,25.11,tripping,train
362,133_TRIPPING_2017-11-24-det-nyr-home_02_09_32.898000_to_02_09_37.870000.mp4,540,560,18.02,18.69,mid,29.97,680,25.11,tripping,test
363,134_TRIPPING_2017-11-24-det-nyr-home_02_09_50.883000_to_02_10_00.793000.mp4,15,60,0.5,2.0,mid,29.97,842,32.88,tripping,test
364,134_TRIPPING_2017-11-24-det-nyr-home_02_09_50.883000_to_02_10_00.793000.mp4,450,545,15.02,18.18,far,29.97,842,32.88,faceoff,valid
365,135_TRIPPING_2018-03-01-pit-bos-home_00_50_34.965000_to_00_50_42.607000.mp4,0,30,0.0,1.0,far,29.97,814,29.59,tripping,test
366,135_TRIPPING_2018-03-01-pit-bos-home_00_50_34.965000_to_00_50_42.607000.mp4,640,730,21.35,24.36,mid,29.97,814,29.59,tripping,train
367,136_TRIPPING_2018-02-02-wsh-pit-home_02_26_03.388000_to_02_26_07.626000.mp4,120,225,4.0,7.51,mid,29.97,718,26.58,faceoff,train
368,138_TRIPPING_2018-03-08-col-cbj-home_00_27_24.209000_to_00_29_21.293000.mp4,308,381,10.28,12.71,close,29.97,4113,139.29,tripping,train
369,142_TRIPPING_2018-04-07-buf-fla-home_00_11_19.045000_to_00_11_26.386000.mp4,305,410,10.18,13.68,close,29.97,773,30.17,tripping,train
370,142_TRIPPING_2018-04-07-buf-fla-home_00_11_19.045000_to_00_11_26.386000.mp4,733,773,24.46,25.79,mid,29.97,773,30.17,faceoff,train
371,143_TRIPPING_2018-03-13-bos-car-home_00_38_01.379000_to_00_38_05.950000.mp4,83,293,2.77,9.78,far,29.97,712,26.8,faceoff,test
372,144_TRIPPING_2017-12-23-phi-cbj-home_00_37_26.177000_to_00_37_44.362000.mp4,960,1115,32.03,37.2,close,29.97,1115,40.51,tripping,train
373,146_TRIPPING_2018-05-18-wpg-vgk-national_01_31_01.423000_to_01_31_07.228000.mp4,0,135,0.0,4.5,close,29.97,730,26.77,faceoff,test
374,14_TRIPPING_2018-04-19-wsh-cbj-home_00_44_01.072000_to_00_44_10.248000.mp4,0,47,0.0,1.57,close,29.97,830,31.51,tripping,valid
375,14_TRIPPING_2018-04-19-wsh-cbj-home_00_44_01.072000_to_00_44_10.248000.mp4,137,258,4.57,8.61,mid,29.97,830,31.51,tripping,train
376,14_TRIPPING_2018-04-19-wsh-cbj-home_00_44_01.072000_to_00_44_10.248000.mp4,330,444,11.01,14.81,close,29.97,830,31.51,tripping,train
377,150_TRIPPING_2017-11-14-van-lak-home_01_23_18.393000_to_01_23_21.664000.mp4,300,390,10.01,13.01,close,29.97,652,25.17,tripping,train
378,151_TRIPPING_2017-11-14-wsh-nsh-national_01_30_25.820000_to_01_30_29.424000.mp4,30,195,1.0,6.51,mid,29.97,647,24.0,tripping,test
379,153_TRIPPING_2017-12-11-dal-nyr-home_01_07_32.582000_to_01_07_34.016000.mp4,423,520,14.11,17.35,mid,29.97,601,23.32,tripping,valid
380,154_TRIPPING_2017-12-11-dal-nyr-home_01_08_00.944000_to_01_08_05.949000.mp4,300,450,10.01,15.02,far,29.97,733,26.88,faceoff,train
381,155_TRIPPING_2018-03-06-car-min-home_00_14_43.516000_to_00_14_50.223000.mp4,645,750,21.52,25.03,mid,29.97,760,28.8,tripping,valid
382,156_TRIPPING_2018-03-06-car-min-home_00_14_54.560000_to_00_15_01.133000.mp4,330,435,11.01,14.51,mid,29.97,759,28.93,tripping,train
383,158_TRIPPING_2018-01-13-phi-njd-home_02_36_47.298000_to_02_37_00.645000.mp4,615,798,20.52,26.63,close,29.97,939,35.16,tripping,valid
384,15_TRIPPING_2017-12-18-cbj-bos-home_00_43_35.012000_to_00_43_46.925000.mp4,1,76,0.03,2.54,far,29.97,956,34.07,tripping,test
385,15_TRIPPING_2017-12-18-cbj-bos-home_00_43_35.012000_to_00_43_46.925000.mp4,728,788,24.29,26.29,mid,29.97,956,34.07,tripping,train
386,15_TRIPPING_2017-12-18-cbj-bos-home_00_43_35.012000_to_00_43_46.925000.mp4,881,956,29.4,31.9,mid,29.97,956,34.07,tripping,test
387,17_TRIPPING_2017-12-18-cbj-bos-home_01_16_29.085000_to_01_16_31.020000.mp4,375,514,12.51,17.15,far,29.97,658,24.53,faceoff,test
388,18_TRIPPING_2018-02-17-mtl-vgk-home_00_41_37.295000_to_00_43_27.238000.mp4,275,395,9.18,13.18,close,29.97,3891,132.33,tripping,train
389,20_TRIPPING_2018-02-28-cgy-col-home_02_32_14.592000_to_02_32_22.133000.mp4,358,466,11.95,15.55,mid,29.97,767,28.01,tripping,test
390,20_TRIPPING_2018-02-28-cgy-col-home_02_32_14.592000_to_02_32_22.133000.mp4,550,625,18.35,20.85,far,29.97,767,28.01,tripping,train
391,21_TRIPPING_2018-03-02-nsh-van-home_00_16_29.021000_to_00_16_40.800000.mp4,255,315,8.51,10.51,close,29.97,896,34.03,faceoff,test
392,25_TRIPPING_2017-12-21-ott-tbl-home_01_36_21.509000_to_01_36_26.815000.mp4,0,195,0.0,6.51,close,29.97,708,26.05,tripping,test
393,25_TRIPPING_2017-12-21-ott-tbl-home_01_36_21.509000_to_01_36_26.815000.mp4,390,675,13.01,22.52,mid,29.97,708,26.05,faceoff,test
394,29_TRIPPING_2017-12-27-dal-min-home_02_33_00.638000_to_02_33_09.447000.mp4,280,358,9.34,11.95,close,29.97,835,30.27,tripping,train
395,29_TRIPPING_2017-12-27-dal-min-home_02_33_00.638000_to_02_33_09.447000.mp4,465,570,15.52,19.02,close,29.97,835,30.27,tripping,test
396,30_TRIPPING_2018-04-05-pit-cbj-home_00_28_49.528000_to_00_29_08.213000.mp4,25,85,0.83,2.84,far,29.97,1096,40.85,faceoff,train
397,30_TRIPPING_2018-04-05-pit-cbj-home_00_28_49.528000_to_00_29_08.213000.mp4,235,370,7.84,12.35,far,29.97,1096,40.85,tripping,train
398,30_TRIPPING_2018-04-05-pit-cbj-home_00_28_49.528000_to_00_29_08.213000.mp4,910,1096,30.36,36.57,close,29.97,1096,40.85,tripping,valid
399,33_TRIPPING_2018-03-15-chi-wpg-home_01_40_00.294000_to_01_40_10.037000.mp4,534,644,17.82,21.49,mid,29.97,873,31.89,tripping,train
400,33_TRIPPING_2018-03-15-chi-wpg-home_01_40_00.294000_to_01_40_10.037000.mp4,678,828,22.62,27.63,mid,29.97,873,31.89,tripping,train
401,35_TRIPPING_2018-09-18-vgk-col-home_01_31_51.473000_to_01_31_55.210000.mp4,40,76,1.33,2.54,far,29.97,668,24.73,tripping,train
402,36_TRIPPING_2018-05-02-vgk-sjs-national_01_41_42.229000_to_01_41_50.838000.mp4,585,732,19.52,24.42,mid,29.97,819,29.76,tripping,train
403,37_TRIPPING_2018-05-02-vgk-sjs-national_01_41_50.838000_to_01_42_02.850000.mp4,360,507,12.01,16.92,mid,29.97,954,34.22,tripping,train
404,38_TRIPPING_2017-11-25-tbl-pit-home_00_42_40.925000_to_00_42_42.393000.mp4,465,635,15.52,21.19,close,29.97,635,23.32,tripping,valid
405,39_TRIPPING_2017-11-25-tbl-pit-home_01_41_07.061000_to_01_41_11.299000.mp4,225,435,7.51,14.51,mid,29.97,684,25.26,faceoff,valid
406,3_TRIPPING_2018-04-14-col-nsh-national_00_56_33.857000_to_00_56_38.963000.mp4,469,524,15.65,17.48,far,29.97,694,25.58,tripping,test
407,40_TRIPPING_2018-02-22-nyr-mtl-home_02_21_19.871000_to_02_21_24.610000.mp4,66,263,2.2,8.78,far,29.97,711,26.16,tripping,valid
408,41_TRIPPING_2017-11-28-van-nyi-home_00_28_57.469000_to_00_30_54.786000.mp4,466,571,15.55,19.05,mid,29.97,4065,138.07,tripping,valid
409,41_TRIPPING_2017-11-28-van-nyi-home_00_28_57.469000_to_00_30_54.786000.mp4,4022,4065,134.2,135.64,far,29.97,4065,138.07,faceoff,valid
410,44_TRIPPING_2017-11-28-van-nyi-home_02_29_24.689000_to_02_29_38.970000.mp4,465,590,15.52,19.69,close,29.97,994,35.03,tripping,train
411,44_TRIPPING_2017-11-28-van-nyi-home_02_29_24.689000_to_02_29_38.970000.mp4,890,964,29.7,32.17,close,29.97,994,35.03,faceoff,valid
412,45_TRIPPING_2017-12-07-dal-stl-home_00_45_42.240000_to_00_45_57.856000.mp4,750,810,25.03,27.03,mid,29.97,1059,38.04,tripping,train
413,46_TRIPPING_2018-03-17-edm-fla-home_00_41_03.227000_to_00_41_19.844000.mp4,540,645,18.02,21.52,mid,29.97,1048,37.4,tripping,train
414,48_TRIPPING_2018-02-27-stl-min-national_02_27_25.737000_to_02_27_31.810000.mp4,20,150,0.67,5.0,close,29.97,766,27.99,tripping,valid
415,49_TRIPPING_2018-01-22-col-tor-home_01_38_04.479000_to_01_38_09.918000.mp4,480,570,16.02,19.02,close,29.97,723,27.52,tripping,train
416,51_TRIPPING_2018-03-05-nyi-van-home_00_33_25.570000_to_00_33_27.706000.mp4,202,337,6.74,11.24,mid,29.97,623,24.56,tripping,train
417,52_TRIPPING_2018-03-05-nyi-van-home_00_34_35.273000_to_00_36_38.596000.mp4,3218,3316,107.37,110.64,close,29.97,4244,145.0,tripping,test
418,54_TRIPPING_2017-12-12-lak-njd-home_00_21_09.802000_to_00_21_13.872000.mp4,613,666,20.45,22.22,close,29.97,724,25.9,tripping,train
419,55_TRIPPING_2018-04-07-tbl-car-home_00_32_40.592000_to_00_32_42.561000.mp4,112,257,3.74,8.58,mid,29.97,629,24.24,tripping,valid
420,56_TRIPPING_2018-01-20-nyr-col-home_01_53_52.492000_to_01_54_00.467000.mp4,255,285,8.51,9.51,far,29.97,786,28.65,faceoff,train
421,56_TRIPPING_2018-01-20-nyr-col-home_01_53_52.492000_to_01_54_00.467000.mp4,301,412,10.04,13.75,mid,29.97,786,28.65,tripping,train
422,57_TRIPPING_2017-11-29-tbl-bos-national_00_17_42.261000_to_00_17_47.933000.mp4,645,733,21.52,24.46,far,29.97,733,26.88,faceoff,train
423,58_TRIPPING_2017-11-29-tbl-bos-national_01_41_20.908000_to_01_41_32.187000.mp4,0,101,0.0,3.37,,29.97,935,33.09,tripping,valid
424,58_TRIPPING_2017-11-29-tbl-bos-national_01_41_20.908000_to_01_41_32.187000.mp4,536,636,17.88,21.22,mid,29.97,935,33.09,tripping,train
425,58_TRIPPING_2017-11-29-tbl-bos-national_01_41_20.908000_to_01_41_32.187000.mp4,756,856,25.23,28.56,far,29.97,935,33.09,tripping,test
426,59_TRIPPING_2017-12-11-van-wpg-home_00_42_12.030000_to_00_42_20.204000.mp4,0,60,0.0,2.0,mid,29.97,832,30.06,tripping,train
427,60_TRIPPING_2018-01-30-ana-bos-home_00_22_30.716000_to_00_22_40.659000.mp4,210,285,7.01,9.51,,29.97,881,32.51,faceoff,train
428,61_TRIPPING_2018-03-18-cgy-vgk-home_01_08_44.754000_to_01_08_48.224000.mp4,467,508,15.58,16.95,close,29.97,664,24.11,tripping,train
429,64_TRIPPING_2017-12-09-vgk-dal-home_00_36_21.579000_to_00_36_36.728000.mp4,236,308,7.87,10.28,far,29.97,1038,37.4,tripping,test
430,65_TRIPPING_2017-12-21-ana-nyi-home_01_37_54.936000_to_01_38_02.410000.mp4,645,720,21.52,24.02,close,29.97,798,29.53,tripping,train
431,66_TRIPPING_2017-12-27-mtl-car-home_01_24_35.938000_to_01_24_42.044000.mp4,195,300,6.51,10.01,close,29.97,736,26.99,faceoff,valid
432,66_TRIPPING_2017-12-27-mtl-car-home_01_24_35.938000_to_01_24_42.044000.mp4,480,675,16.02,22.52,close,29.97,736,26.99,faceoff,test
433,67_TRIPPING_2018-03-15-tor-buf-home_01_36_29.117000_to_01_36_35.856000.mp4,52,142,1.74,4.74,mid,29.97,754,29.06,tripping,train
434,67_TRIPPING_2018-03-15-tor-buf-home_01_36_29.117000_to_01_36_35.856000.mp4,682,754,22.76,25.16,far,29.97,754,29.06,faceoff,test
435,69_TRIPPING_2018-01-10-min-chi-national_02_11_42.762000_to_02_11_44.296000.mp4,180,240,6.01,8.01,close,29.97,644,24.26,tripping,train
436,69_TRIPPING_2018-01-10-min-chi-national_02_11_42.762000_to_02_11_44.296000.mp4,345,450,11.51,15.02,mid,29.97,644,24.26,tripping,valid
437,70_TRIPPING_2018-04-05-vgk-edm-national_02_26_19.371000_to_02_26_40.025000.mp4,411,523,13.71,17.45,mid,29.97,1164,41.26,tripping,train
438,70_TRIPPING_2018-04-05-vgk-edm-national_02_26_19.371000_to_02_26_40.025000.mp4,718,768,23.96,25.63,far,29.97,1164,41.26,tripping,train
439,70_TRIPPING_2018-04-05-vgk-edm-national_02_26_19.371000_to_02_26_40.025000.mp4,949,1009,31.66,33.67,close,29.97,1164,41.26,tripping,train
440,71_TRIPPING_2017-12-27-ari-col-home_01_06_43.233000_to_01_06_49.005000.mp4,472,590,15.75,19.69,close,29.97,752,28.16,tripping,train
441,72_TRIPPING_2018-03-14-njd-vgk-home_01_30_21.149000_to_01_30_29.057000.mp4,665,740,22.19,24.69,close,29.97,786,28.65,tripping,train
442,73_TRIPPING_2017-12-22-wsh-ari-home_02_14_12.978000_to_02_14_21.020000.mp4,92,202,3.07,6.74,mid,29.97,841,30.27,tripping,train
443,77_TRIPPING_2017-11-07-fla-car-home_02_09_56.789000_to_02_10_07.266000.mp4,0,64,0.0,2.14,far,29.97,889,32.17,faceoff,train
444,78_TRIPPING_2018-02-02-vgk-min-national_00_18_53.733000_to_00_18_59.572000.mp4,230,440,7.67,14.68,close,29.97,721,27.93,tripping,valid
445,79_TRIPPING_2017-11-20-ana-sjs-home_01_35_59.254000_to_01_36_06.895000.mp4,285,349,9.51,11.64,mid,29.97,786,29.74,tripping,train
446,79_TRIPPING_2017-11-20-ana-sjs-home_01_35_59.254000_to_01_36_06.895000.mp4,439,544,14.65,18.15,far,29.97,786,29.74,tripping,train
447,7_TRIPPING_2018-02-27-nsh-wpg-home_00_35_39.204000_to_00_35_42.173000.mp4,383,443,12.78,14.78,far,29.97,678,25.05,faceoff,train
448,81_TRIPPING_2017-12-29-cbj-ott-home_00_25_12.845000_to_00_25_34.600000.mp4,532,569,17.75,18.99,far,29.97,1249,43.12,tripping,valid
449,81_TRIPPING_2017-12-29-cbj-ott-home_00_25_12.845000_to_00_25_34.600000.mp4,618,690,20.62,23.02,far,29.97,1249,43.12,tripping,valid
450,82_TRIPPING_2018-01-30-sjs-pit-home_02_18_05.444000_to_02_18_15.221000.mp4,670,728,22.36,24.29,mid,29.97,885,31.96,tripping,valid
451,82_TRIPPING_2018-01-30-sjs-pit-home_02_18_05.444000_to_02_18_15.221000.mp4,856,885,28.56,29.53,far,29.97,885,31.96,tripping,train
452,83_TRIPPING_2018-01-30-sjs-pit-home_02_19_49.982000_to_02_19_52.884000.mp4,593,656,19.79,21.89,far,29.97,662,24.51,tripping,train
453,84_TRIPPING_2017-12-02-det-mtl-national_00_31_31.857000_to_00_31_37.228000.mp4,630,762,21.02,25.43,close,29.97,762,27.37,faceoff,valid
454,85_TRIPPING_2017-12-02-det-mtl-national_01_34_07.308000_to_01_34_15.883000.mp4,518,598,17.28,19.95,far,29.97,834,30.14,tripping,train
455,86_TRIPPING_2017-12-05-nyi-tbl-home_01_09_20.623000_to_01_09_25.795000.mp4,557,726,18.59,24.22,mid,29.97,726,26.67,tripping,test
456,87_TRIPPING_2017-12-05-nyi-tbl-home_01_09_25.395000_to_01_09_30.300000.mp4,135,195,4.5,6.51,mid,29.97,711,26.16,tripping,train
457,87_TRIPPING_2017-12-05-nyi-tbl-home_01_09_25.395000_to_01_09_30.300000.mp4,420,593,14.01,19.79,mid,29.97,711,26.16,tripping,valid
458,88_TRIPPING_2017-12-05-nyi-tbl-home_01_38_38.379000_to_01_38_42.483000.mp4,246,366,8.21,12.21,mid,29.97,724,26.58,tripping,train
459,89_TRIPPING_2017-11-18-col-nsh-home_00_41_09.934000_to_00_41_17.742000.mp4,167,287,5.57,9.58,mid,29.97,835,30.23,tripping,test
460,89_TRIPPING_2017-11-18-col-nsh-home_00_41_09.934000_to_00_41_17.742000.mp4,632,707,21.09,23.59,far,29.97,835,30.23,faceoff,valid
461,8_TRIPPING_2017-12-31-chi-cgy-national_02_10_26.886000_to_02_10_34.994000.mp4,330,368,11.01,12.28,close,29.97,817,30.17,faceoff,valid
462,91_TRIPPING_2017-11-18-col-nsh-home_01_33_45.987000_to_01_33_49.224000.mp4,74,172,2.47,5.74,close,29.97,635,23.6,tripping,train
463,92_TRIPPING_2017-11-18-col-nsh-home_01_38_51.859000_to_01_39_01.502000.mp4,420,528,14.01,17.62,mid,29.97,844,30.59,tripping,test
464,93_TRIPPING_2017-11-18-col-nsh-home_02_07_25.538000_to_02_07_35.181000.mp4,195,308,6.51,10.28,mid,29.97,828,31.94,tripping,train
465,93_TRIPPING_2017-11-18-col-nsh-home_02_07_25.538000_to_02_07_35.181000.mp4,623,746,20.79,24.89,close,29.97,828,31.94,faceoff,train
466,95_TRIPPING_2017-11-14-ari-wpg-home_00_29_48.920000_to_00_29_54.026000.mp4,500,616,16.68,20.55,mid,29.97,744,27.26,tripping,valid
467,96_TRIPPING_2017-11-14-ari-wpg-home_02_30_59.250000_to_02_31_06.123000.mp4,81,216,2.7,7.21,close,29.97,772,27.07,tripping,train
468,96_TRIPPING_2017-11-14-ari-wpg-home_02_30_59.250000_to_02_31_06.123000.mp4,291,448,9.71,14.95,mid,29.97,772,27.07,tripping,train
469,96_TRIPPING_2017-11-14-ari-wpg-home_02_30_59.250000_to_02_31_06.123000.mp4,568,772,18.95,25.76,far,29.97,772,27.07,faceoff,train
470,97_TRIPPING_2017-12-17-min-chi-home_01_09_27.196000_to_01_09_34.070000.mp4,330,375,11.01,12.51,mid,29.97,749,28.8,tripping,valid
471,97_TRIPPING_2017-12-17-min-chi-home_01_09_27.196000_to_01_09_34.070000.mp4,525,585,17.52,19.52,close,29.97,749,28.8,tripping,train
472,99_TRIPPING_2017-12-14-nyi-cbj-home_01_19_08.244000_to_01_19_13.115000.mp4,546,606,18.22,20.22,mid,29.97,703,26.88,faceoff,train
473,9_TRIPPING_2017-11-24-tor-car-home_00_14_12.352000_to_00_14_18.524000.mp4,150,273,5.0,9.11,mid,29.97,757,27.67,faceoff,train
474,159_TRIPPING_2018-01-21-vgk-car-home_00_13_58.938000_to_00_14_07.313000.mp4,395,450,13.18,15.02,mid,29.97,796,31.08,tripping,train
475,159_TRIPPING_2018-01-21-vgk-car-home_00_13_58.938000_to_00_14_07.313000.mp4,751,796,25.06,26.56,close,29.97,796,31.08,faceoff,train
476,160_TRIPPING_2018-01-04-vgk-stl-home_00_15_11.677000_to_00_15_25.824000.mp4,550,610,18.35,20.35,mid,29.97,974,34.92,tripping,train
477,161_TRIPPING_2018-01-04-vgk-stl-home_01_16_04.360000_to_01_18_02.077000.mp4,4109,4124,137.1,137.6,far,29.97,4124,140.16,faceoff,train
478,163_TRIPPING_2017-11-07-van-cgy-national_01_35_08.269000_to_01_35_15.243000.mp4,195,340,6.51,11.34,far,29.97,813,29.44,faceoff,train
479,165_TRIPPING_2018-01-30-ott-car-home_02_04_48.281000_to_02_04_56.322000.mp4,490,525,16.35,17.52,close,29.97,834,28.84,faceoff,train
480,166_TRIPPING_2018-01-30-ott-car-home_02_05_03.663000_to_02_05_12.171000.mp4,0,40,0.0,1.33,close,29.97,817,29.68,faceoff,valid
481,169_TRIPPING_2018-01-09-van-wsh-home_01_21_52.474000_to_01_22_02.752000.mp4,0,185,0.0,6.17,far,29.97,912,31.98,faceoff,train
482,170_TRIPPING_2018-02-06-min-stl-national_01_22_00.949000_to_01_22_28.743000.mp4,480,595,16.02,19.85,close,29.97,1391,48.85,tripping,test
483,170_TRIPPING_2018-02-06-min-stl-national_01_22_00.949000_to_01_22_28.743000.mp4,1075,1190,35.87,39.71,far,29.97,1391,48.85,faceoff,valid
484,171_TRIPPING_2018-02-06-min-stl-national_02_35_18.676000_to_02_35_22.680000.mp4,450,560,15.02,18.69,close,29.97,703,26.5,tripping,train
485,174_TRIPPING_2017-11-11-pit-nsh-home_01_07_32.015000_to_01_07_32.983000.mp4,110,170,3.67,5.67,mid,29.97,594,23.28,tripping,train
486,174_TRIPPING_2017-11-11-pit-nsh-home_01_07_32.015000_to_01_07_32.983000.mp4,510,560,17.02,18.69,close,29.97,594,23.28,tripping,train
487,175_TRIPPING_2017-11-11-pit-nsh-home_02_50_53.677000_to_02_51_19.303000.mp4,470,560,15.68,18.69,close,29.97,1323,47.7,tripping,valid
488,177_TRIPPING_2017-11-25-nyi-ott-national_00_27_46.665000_to_00_27_49.268000.mp4,270,310,9.01,10.34,close,29.97,680,24.79,tripping,valid
489,179_TRIPPING_2017-11-25-nyi-ott-national_00_29_51.823000_to_00_29_58.130000.mp4,260,320,8.68,10.68,close,29.97,792,28.46,faceoff,train
490,180_TRIPPING_2018-02-03-stl-buf-home_00_31_19.444000_to_00_31_22.848000.mp4,180,260,6.01,8.68,close,29.97,706,25.69,tripping,train
491,180_TRIPPING_2018-02-03-stl-buf-home_00_31_19.444000_to_00_31_22.848000.mp4,300,390,10.01,13.01,mid,29.97,706,25.69,tripping,test
492,181_TRIPPING_2018-01-07-njd-nyi-home_01_22_07.456000_to_01_22_15.163000.mp4,200,270,6.67,9.01,mid,29.97,834,30.17,tripping,train
493,182_TRIPPING_2017-12-08-vgk-nsh-home_00_34_04.976000_to_00_34_16.188000.mp4,190,250,6.34,8.34,close,29.97,882,33.34,tripping,valid
494,183_TRIPPING_2018-05-06-vgk-sjs-national_00_11_04.097000_to_00_11_24.284000.mp4,995,1045,33.2,34.87,close,29.97,1160,42.58,tripping,train
495,184_TRIPPING_2018-05-06-vgk-sjs-national_00_11_47.540000_to_00_11_52.712000.mp4,190,290,6.34,9.68,close,29.97,751,27.01,faceoff,train
496,186_TRIPPING_2017-11-11-col-ott-national_01_30_23.952000_to_01_30_28.991000.mp4,402,418,13.41,13.95,close,29.97,709,26.8,faceoff,test
497,188_TRIPPING_2017-11-11-col-ott-national_02_39_43.541000_to_02_40_01.625000.mp4,280,330,9.34,11.01,mid,29.97,1113,39.92,tripping,train
498,188_TRIPPING_2017-11-11-col-ott-national_02_39_43.541000_to_02_40_01.625000.mp4,1070,1113,35.7,37.14,close,29.97,1113,39.92,faceoff,train
499,190_TRIPPING_2017-12-23-wpg-nyi-home_00_26_25.484000_to_00_26_29.788000.mp4,580,630,19.35,21.02,close,29.97,698,27.09,tripping,train
500,192_TRIPPING_2017-11-24-van-njd-home_02_02_29.409000_to_02_02_31.211000.mp4,364,434,12.15,14.48,close,29.97,643,23.87,tripping,train
501,193_TRIPPING_2017-12-23-wsh-vgk-home_01_05_32.996000_to_01_05_36.099000.mp4,410,480,13.68,16.02,close,29.97,667,25.05,tripping,train
502,193_TRIPPING_2017-12-23-wsh-vgk-home_01_05_32.996000_to_01_05_36.099000.mp4,627,667,20.92,22.26,close,29.97,667,25.05,faceoff,train
503,194_TRIPPING_2017-12-23-wsh-vgk-home_01_05_48.545000_to_01_05_52.148000.mp4,200,240,6.67,8.01,far,29.97,698,25.6,faceoff,train
504,195_TRIPPING_2018-01-02-njd-stl-home_00_25_32.364000_to_00_25_35.133000.mp4,540,635,18.02,21.19,far,29.97,635,23.62,faceoff,train
505,196_TRIPPING_2018-01-02-njd-stl-home_02_00_58.118000_to_02_01_05.425000.mp4,702,772,23.42,25.76,close,29.97,772,28.18,tripping,train
506,197_TRIPPING_2018-01-02-njd-stl-home_02_23_29.568000_to_02_23_38.977000.mp4,410,595,13.68,19.85,mid,29.97,838,30.38,tripping,valid
507,200_TRIPPING_2018-02-28-buf-tbl-home_02_24_09.040000_to_02_24_17.148000.mp4,280,425,9.34,14.18,mid,29.97,793,28.52,tripping,valid
508,201_TRIPPING_2018-02-28-buf-tbl-home_02_24_35.600000_to_02_24_39.204000.mp4,600,690,20.02,23.02,close,29.97,693,25.56,faceoff,train
509,202_TRIPPING_2017-12-02-fla-car-home_01_50_25.452000_to_01_50_31.792000.mp4,440,530,14.68,17.68,close,29.97,757,28.16,tripping,valid
510,203_TRIPPING_2018-01-25-car-mtl-home_00_12_13.433000_to_00_12_21.407000.mp4,190,220,6.34,7.34,far,29.97,772,29.97,tripping,train
511,204_TRIPPING_2018-01-25-car-mtl-home_00_21_20.179000_to_00_21_26.085000.mp4,570,650,19.02,21.69,mid,29.97,746,28.42,tripping,train
512,205_TRIPPING_2018-01-25-car-mtl-home_00_42_28.279000_to_00_42_33.751000.mp4,550,660,18.35,22.02,close,29.97,713,26.2,tripping,valid
513,206_TRIPPING_2018-01-25-car-mtl-home_02_17_20.532000_to_02_17_41.754000.mp4,270,340,9.01,11.34,far,29.97,1232,43.41,tripping,valid
514,206_TRIPPING_2018-01-25-car-mtl-home_02_17_20.532000_to_02_17_41.754000.mp4,1090,1170,36.37,39.04,close,29.97,1232,43.41,tripping,train
515,207_TRIPPING_2018-01-25-car-mtl-home_02_17_31.410000_to_02_17_44.156000.mp4,700,790,23.36,26.36,close,29.97,929,34.99,tripping,test
516,208_TRIPPING_2018-01-25-car-mtl-home_02_17_51.430000_to_02_18_01.540000.mp4,90,190,3.0,6.34,close,29.97,850,32.47,tripping,test
517,209_TRIPPING_2018-01-04-lak-cgy-home_01_12_59.909000_to_01_13_03.846000.mp4,590,660,19.69,22.02,mid,29.97,661,24.47,tripping,train
518,210_TRIPPING_2018-09-21-wsh-car-away_00_31_23.615000_to_00_31_40.632000.mp4,180,240,6.01,8.01,close,29.97,1089,38.76,tripping,train
519,210_TRIPPING_2018-09-21-wsh-car-away_00_31_23.615000_to_00_31_40.632000.mp4,890,925,29.7,30.86,far,29.97,1089,38.76,faceoff,test
520,211_TRIPPING_2018-02-24-edm-lak-home_00_28_17.729000_to_00_28_28.373000.mp4,350,460,11.68,15.35,close,29.97,891,31.7,tripping,train
521,212_TRIPPING_2018-02-24-edm-lak-home_00_28_45.023000_to_00_29_02.575000.mp4,540,650,18.02,21.69,far,29.97,1077,40.0,faceoff,train
522,213_TRIPPING_2018-02-19-ott-nsh-home_01_22_55.237000_to_01_23_00.042000.mp4,60,140,2.0,4.67,close,29.97,699,25.09,tripping,valid
523,213_TRIPPING_2018-02-19-ott-nsh-home_01_22_55.237000_to_01_23_00.042000.mp4,210,300,7.01,10.01,close,29.97,699,25.09,tripping,train
524,214_TRIPPING_2018-01-25-nyi-vgk-home_00_39_12.483000_to_00_39_15.820000.mp4,430,480,14.35,16.02,close,29.97,656,23.49,tripping,train
525,215_TRIPPING_2018-03-22-vgk-sjs-national_01_32_39.387000_to_01_32_43.992000.mp4,600,650,20.02,21.69,close,29.97,705,26.54,tripping,test
526,215_TRIPPING_2018-03-22-vgk-sjs-national_01_32_39.387000_to_01_32_43.992000.mp4,670,705,22.36,23.52,close,29.97,705,26.54,faceoff,train
527,216_TRIPPING_2018-03-22-vgk-sjs-national_01_33_01.309000_to_01_33_02.910000.mp4,0,30,0.0,1.0,close,29.97,597,22.34,faceoff,test
528,216_TRIPPING_2018-03-22-vgk-sjs-national_01_33_01.309000_to_01_33_02.910000.mp4,380,430,12.68,14.35,close,29.97,597,22.34,tripping,train
529,217_TRIPPING_2018-03-22-vgk-sjs-national_01_54_55.188000_to_01_55_07.701000.mp4,250,290,8.34,9.68,close,29.97,926,34.43,faceoff,valid
530,217_TRIPPING_2018-03-22-vgk-sjs-national_01_54_55.188000_to_01_55_07.701000.mp4,240,290,8.01,9.68,close,29.97,926,34.43,faceoff,train
531,218_TRIPPING_2017-11-09-van-ana-home_00_30_30.028000_to_00_30_41.106000.mp4,10,145,0.33,4.84,close,29.97,880,33.07,tripping,test
532,218_TRIPPING_2017-11-09-van-ana-home_00_30_30.028000_to_00_30_41.106000.mp4,600,630,20.02,21.02,far,29.97,880,33.07,faceoff,valid
533,219_TRIPPING_2018-02-08-nyi-buf-home_02_10_41.434000_to_02_10_47.473000.mp4,150,250,5.0,8.34,close,29.97,741,28.74,tripping,train
534,219_TRIPPING_2018-02-08-nyi-buf-home_02_10_41.434000_to_02_10_47.473000.mp4,310,370,10.34,12.35,close,29.97,741,28.74,tripping,train
535,222_TRIPPING_2018-02-17-tor-pit-home_01_24_10.546000_to_01_24_28.063000.mp4,330,370,11.01,12.35,far,29.97,1067,38.04,faceoff,train
536,224_TRIPPING_2018-01-13-col-dal-home_00_37_31.649000_to_00_37_42.426000.mp4,350,500,11.68,16.68,mid,29.97,907,32.41,faceoff,train
537,226_TRIPPING_2018-03-18-edm-tbl-home_01_09_07.310000_to_01_09_13.483000.mp4,220,300,7.34,10.01,close,29.97,732,28.52,tripping,train
538,226_TRIPPING_2018-03-18-edm-tbl-home_01_09_07.310000_to_01_09_13.483000.mp4,630,670,21.02,22.36,far,29.97,732,28.52,faceoff,test
539,227_TRIPPING_2018-03-18-edm-tbl-home_01_24_35.203000_to_01_24_44.412000.mp4,710,807,23.69,26.93,far,29.97,807,29.36,faceoff,test
540,228_TRIPPING_2018-03-18-edm-tbl-home_01_24_42.644000_to_01_24_53.788000.mp4,640,700,21.35,23.36,mid,29.97,938,33.05,faceoff,train
541,229_TRIPPING_2018-03-12-ott-fla-home_02_42_31.775000_to_02_42_37.181000.mp4,720,750,24.02,25.03,close,29.97,750,27.44,faceoff,train
542,230_TRIPPING_2018-03-06-mtl-njd-home_00_29_34.906000_to_00_29_43.816000.mp4,240,330,8.01,11.01,far,29.97,813,31.04,faceoff,train
543,231_TRIPPING_2018-04-15-pit-phi-national_00_18_08.187000_to_00_18_21.400000.mp4,275,305,9.18,10.18,close,29.97,986,35.33,faceoff,train
544,232_TRIPPING_2018-04-15-pit-phi-national_00_23_49.128000_to_00_23_55.268000.mp4,340,420,11.34,14.01,close,29.97,717,28.27,tripping,train
545,233_TRIPPING_2018-02-27-car-bos-home_02_01_28.481000_to_02_01_33.853000.mp4,240,280,8.01,9.34,far,29.97,724,26.58,tripping,valid
546,234_TRIPPING_2018-01-07-stl-wsh-home_02_10_07.099000_to_02_10_11.037000.mp4,440,470,14.68,15.68,close,29.97,699,26.01,tripping,train
547,234_TRIPPING_2018-01-07-stl-wsh-home_02_10_07.099000_to_02_10_11.037000.mp4,640,699,21.35,23.32,close,29.97,699,26.01,tripping,train
548,235_TRIPPING_2018-02-12-tbl-tor-home_00_37_07.792000_to_00_37_22.140000.mp4,60,140,2.0,4.67,close,29.97,974,34.92,faceoff,valid
549,237_TRIPPING_2017-11-19-nyi-car-home_01_37_06.387000_to_01_37_25.306000.mp4,120,190,4.0,6.34,close,29.97,1111,39.51,tripping,valid
550,238_TRIPPING_2017-11-06-det-van-home_01_33_30.338000_to_01_33_43.618000.mp4,550,580,18.35,19.35,mid,29.97,992,35.09,faceoff,test
551,240_TRIPPING_2018-02-01-chi-van-home_01_26_31.186000_to_01_26_32.354000.mp4,210,280,7.01,9.34,close,29.97,592,22.17,faceoff,train
552,242_TRIPPING_2017-11-28-car-cbj-home_00_29_07.246000_to_00_29_11.149000.mp4,90,140,3.0,4.67,close,29.97,659,24.43,tripping,valid
553,242_TRIPPING_2017-11-28-car-cbj-home_00_29_07.246000_to_00_29_11.149000.mp4,500,520,16.68,17.35,far,29.97,659,24.43,tripping,train
554,243_TRIPPING_2018-03-06-col-chi-home_02_18_13.252000_to_02_18_20.126000.mp4,150,180,5.0,6.01,close,29.97,807,28.86,faceoff,train
555,243_TRIPPING_2018-03-06-col-chi-home_02_18_13.252000_to_02_18_20.126000.mp4,710,760,23.69,25.36,far,29.97,807,28.86,tripping,valid
556,244_TRIPPING_2018-03-06-col-chi-home_02_25_36.861000_to_02_25_39.864000.mp4,120,190,4.0,6.34,close,29.97,636,25.09,tripping,train
557,244_TRIPPING_2018-03-06-col-chi-home_02_25_36.861000_to_02_25_39.864000.mp4,300,340,10.01,11.34,close,29.97,636,25.09,tripping,train
558,245_TRIPPING_2017-12-19-wpg-nsh-home_01_39_58.025000_to_01_40_00.394000.mp4,60,140,2.0,4.67,close,29.97,659,24.43,tripping,valid
559,246_TRIPPING_2018-09-20-wsh-mtl-home_01_09_38.441000_to_01_09_50.854000.mp4,70,100,2.34,3.34,close,29.97,952,34.2,tripping,test
560,246_TRIPPING_2018-09-20-wsh-mtl-home_01_09_38.441000_to_01_09_50.854000.mp4,500,550,16.68,18.35,close,29.97,952,34.2,faceoff,train
561,247_TRIPPING_2017-11-18-ari-ott-home_01_15_13.409000_to_01_15_20.315000.mp4,160,200,5.34,6.67,close,29.97,776,28.82,tripping,test
562,247_TRIPPING_2017-11-18-ari-ott-home_01_15_13.409000_to_01_15_20.315000.mp4,700,740,23.36,24.69,close,29.97,776,28.82,faceoff,train
563,252_TRIPPING_2017-11-20-ari-tor-home_02_03_18.625000_to_02_03_20.527000.mp4,130,150,4.34,5.0,far,29.97,621,23.15,faceoff,train
564,253_TRIPPING_2017-11-28-tor-cgy-home_02_16_00.586000_to_02_17_58.771000.mp4,3320,3350,110.78,111.78,close,29.97,4142,140.44,tripping,valid
565,256_TRIPPING_2018-01-25-wsh-fla-home_02_22_22.034000_to_02_22_26.805000.mp4,290,370,9.68,12.35,close,29.97,700,26.62,faceoff,train
566,258_TRIPPING_2017-11-09-det-cgy-home_01_38_09.784000_to_01_38_20.762000.mp4,170,210,5.67,7.01,close,29.97,898,33.37,tripping,train
567,259_TRIPPING_2018-03-08-phi-bos-home_00_41_02.760000_to_00_41_06.230000.mp4,560,630,18.69,21.02,close,29.97,640,23.79,tripping,train
568,260_TRIPPING_2018-03-08-phi-bos-home_01_14_55.091000_to_01_15_09.772000.mp4,470,550,15.68,18.35,close,29.97,985,35.29,tripping,test
569,262_TRIPPING_2018-03-04-nsh-col-home_01_18_48.591000_to_01_19_09.078000.mp4,140,160,4.67,5.34,close,29.97,1182,42.43,faceoff,train
570,262_TRIPPING_2018-03-04-nsh-col-home_01_18_48.591000_to_01_19_09.078000.mp4,510,560,17.02,18.69,far,29.97,1182,42.43,tripping,train
571,263_TRIPPING_2018-09-19-fla-mtl-home_01_37_51.399000_to_01_37_54.168000.mp4,390,480,13.01,16.02,close,29.97,628,23.32,tripping,valid
572,265_TRIPPING_2017-12-16-lak-nyi-home_02_04_50.316000_to_02_04_56.823000.mp4,90,160,3.0,5.34,close,29.97,732,29.01,tripping,train
573,265_TRIPPING_2017-12-16-lak-nyi-home_02_04_50.316000_to_02_04_56.823000.mp4,290,350,9.68,11.68,close,29.97,732,29.01,faceoff,test
574,265_TRIPPING_2017-12-16-lak-nyi-home_02_04_50.316000_to_02_04_56.823000.mp4,530,570,17.68,19.02,close,29.97,732,29.01,faceoff,train
575,266_TRIPPING_2018-01-30-tbl-wpg-home_01_13_20.930000_to_01_13_29.372000.mp4,370,420,12.35,14.01,mid,29.97,848,30.0,tripping,train
576,266_TRIPPING_2018-01-30-tbl-wpg-home_01_13_20.930000_to_01_13_29.372000.mp4,620,660,20.69,22.02,close,29.97,848,30.0,tripping,train
577,267_TRIPPING_2018-01-30-tbl-wpg-home_01_58_58.632000_to_01_59_01.201000.mp4,239,319,7.97,10.64,far,29.97,649,24.09,faceoff,train
578,272_TRIPPING_2017-12-27-nsh-stl-home_01_01_48.104000_to_01_01_52.976000.mp4,300,336,10.01,11.21,close,29.97,737,27.69,tripping,test
579,273_TRIPPING_2018-02-17-bos-van-national_00_25_13.545000_to_00_25_18.517000.mp4,475,535,15.85,17.85,mid,29.97,737,26.88,tripping,train
580,274_TRIPPING_2018-02-26-tor-tbl-home_02_36_49.433000_to_02_36_54.138000.mp4,210,330,7.01,11.01,close,29.97,744,27.14,tripping,test
581,276_TRIPPING_2017-11-24-wpg-ana-home_02_22_56.668000_to_02_23_06.278000.mp4,60,120,2.0,4.0,close,29.97,833,31.28,faceoff,train
582,277_TRIPPING_2017-11-22-tor-fla-home_02_38_12.450000_to_02_38_17.989000.mp4,390,510,13.01,17.02,close,29.97,707,27.71,tripping,train
583,277_TRIPPING_2017-11-22-tor-fla-home_02_38_12.450000_to_02_38_17.989000.mp4,647,707,21.59,23.59,close,29.97,707,27.71,tripping,valid
584,280_TRIPPING_2018-03-02-cbj-ana-home_00_12_36.055000_to_00_12_44.063000.mp4,494,524,16.48,17.48,mid,29.97,811,28.31,tripping,test
585,280_TRIPPING_2018-03-02-cbj-ana-home_00_12_36.055000_to_00_12_44.063000.mp4,494,524,16.48,17.48,mid,29.97,811,28.31,tripping,train
586,280_TRIPPING_2018-03-02-cbj-ana-home_00_12_36.055000_to_00_12_44.063000.mp4,584,644,19.49,21.49,close,29.97,811,28.31,tripping,train
587,281_TRIPPING_2018-02-18-pit-cbj-home_00_42_13.131000_to_00_42_29.847000.mp4,50,110,1.67,3.67,close,29.97,1046,37.33,tripping,test
588,281_TRIPPING_2018-02-18-pit-cbj-home_00_42_13.131000_to_00_42_29.847000.mp4,860,896,28.7,29.9,close,29.97,1046,37.33,tripping,test
589,282_TRIPPING_2017-11-10-pit-wsh-home_00_15_24.824000_to_00_15_33.466000.mp4,660,828,22.02,27.63,close,29.97,828,31.15,tripping,train
590,283_TRIPPING_2018-01-25-tor-dal-home_01_20_29.124000_to_01_20_32.061000.mp4,570,669,19.02,22.32,close,29.97,669,25.13,tripping,train
591,284_TRIPPING_2018-02-25-det-nyr-home_01_25_19.281000_to_01_25_25.487000.mp4,240,330,8.01,11.01,far,29.97,766,27.78,faceoff,train
592,285_TRIPPING_2017-11-10-ott-col-home_01_47_33.314000_to_01_47_48.029000.mp4,648,676,21.62,22.56,mid,29.97,1024,36.61,faceoff,valid
593,286_TRIPPING_2017-11-10-ott-col-home_01_47_49.897000_to_01_48_01.208000.mp4,150,180,5.0,6.01,mid,29.97,905,33.47,faceoff,train
594,286_TRIPPING_2017-11-10-ott-col-home_01_47_49.897000_to_01_48_01.208000.mp4,641,657,21.39,21.92,far,29.97,905,33.47,tripping,train
595,288_TRIPPING_2018-04-04-min-ana-home_01_24_25.127000_to_01_24_41.109000.mp4,720,750,24.02,25.03,far,29.97,1083,36.14,tripping,test
596,289_TRIPPING_2018-05-14-vgk-wpg-national_00_16_52.745000_to_00_16_55.381000.mp4,111,141,3.7,4.7,far,29.97,658,24.38,tripping,train
597,290_TRIPPING_2018-05-14-vgk-wpg-national_00_17_30.449000_to_00_17_36.122000.mp4,91,121,3.04,4.04,close,29.97,754,27.46,tripping,train
598,290_TRIPPING_2018-05-14-vgk-wpg-national_00_17_30.449000_to_00_17_36.122000.mp4,542,562,18.08,18.75,mid,29.97,754,27.46,tripping,train
599,295_TRIPPING_2018-02-20-lak-wpg-home_01_58_43.617000_to_01_58_51.291000.mp4,610,632,20.35,21.09,close,29.97,802,29.18,tripping,valid
600,296_TRIPPING_2018-02-20-lak-wpg-home_01_59_00.667000_to_01_59_07.607000.mp4,90,123,3.0,4.1,close,29.97,767,29.44,tripping,train
601,296_TRIPPING_2018-02-20-lak-wpg-home_01_59_00.667000_to_01_59_07.607000.mp4,603,665,20.12,22.19,far,29.97,767,29.44,faceoff,train
602,297_TRIPPING_2018-02-20-lak-wpg-home_02_00_27.620000_to_02_00_33.159000.mp4,382,442,12.75,14.75,close,29.97,705,25.96,tripping,test
603,300_TRIPPING_2017-11-22-phi-nyi-home_00_43_34.846000_to_00_43_53.164000.mp4,36,66,1.2,2.2,far,29.97,1143,40.56,tripping,valid
604,300_TRIPPING_2017-11-22-phi-nyi-home_00_43_34.846000_to_00_43_53.164000.mp4,816,906,27.23,30.23,close,29.97,1143,40.56,tripping,train
605,300_TRIPPING_2017-11-22-phi-nyi-home_00_43_34.846000_to_00_43_53.164000.mp4,1113,1143,37.14,38.14,far,29.97,1143,40.56,faceoff,valid
606,301_TRIPPING_2017-12-10-min-sjs-home_02_06_27.713000_to_02_06_40.693000.mp4,150,210,5.0,7.01,mid,29.97,921,33.13,tripping,train
607,305_TRIPPING_2017-12-31-pit-det-home_00_23_13.492000_to_00_23_18.197000.mp4,420,480,14.01,16.02,far,29.97,731,26.65,tripping,train
608,306_TRIPPING_2018-06-04-vgk-wsh-national_00_17_50.336000_to_00_18_04.584000.mp4,0,30,0.0,1.0,close,29.97,1007,36.08,tripping,valid
609,306_TRIPPING_2018-06-04-vgk-wsh-national_00_17_50.336000_to_00_18_04.584000.mp4,120,210,4.0,7.01,far,29.97,1007,36.08,faceoff,train
610,306_TRIPPING_2018-06-04-vgk-wsh-national_00_17_50.336000_to_00_18_04.584000.mp4,917,1007,30.6,33.6,far,29.97,1007,36.08,tripping,train
611,307_TRIPPING_2018-06-04-vgk-wsh-national_02_12_03.315000_to_02_12_07.553000.mp4,600,634,20.02,21.15,mid,29.97,666,24.66,tripping,test
612,308_TRIPPING_2018-01-11-cbj-buf-home_02_22_00.412000_to_02_22_08.186000.mp4,240,330,8.01,11.01,close,29.97,817,29.7,tripping,train
613,308_TRIPPING_2018-01-11-cbj-buf-home_02_22_00.412000_to_02_22_08.186000.mp4,420,480,14.01,16.02,close,29.97,817,29.7,tripping,test
614,308_TRIPPING_2018-01-11-cbj-buf-home_02_22_00.412000_to_02_22_08.186000.mp4,540,585,18.02,19.52,close,29.97,817,29.7,tripping,train
615,309_TRIPPING_2018-01-23-fla-dal-home_01_27_50.198000_to_01_27_53.468000.mp4,300,360,10.01,12.01,close,29.97,698,25.45,tripping,train
616,309_TRIPPING_2018-01-23-fla-dal-home_01_27_50.198000_to_01_27_53.468000.mp4,483,513,16.12,17.12,close,29.97,698,25.45,tripping,train
617,310_TRIPPING_2017-12-05-ana-vgk-home_02_41_12.730000_to_02_41_15.967000.mp4,390,430,13.01,14.35,close,29.97,641,26.11,tripping,valid
618,310_TRIPPING_2017-12-05-ana-vgk-home_02_41_12.730000_to_02_41_15.967000.mp4,550,580,18.35,19.35,close,29.97,641,26.11,tripping,train
619,311_TRIPPING_2017-11-16-phi-wpg-home_00_17_30.116000_to_00_17_36.556000.mp4,670,720,22.36,24.02,mid,29.97,767,28.63,tripping,train
620,312_TRIPPING_2017-11-16-phi-wpg-home_00_17_33.052000_to_00_17_39.125000.mp4,610,640,20.35,21.35,mid,29.97,769,28.1,tripping,valid
621,313_TRIPPING_2017-11-16-phi-wpg-home_00_17_45.398000_to_00_17_52.171000.mp4,230,290,7.67,9.68,mid,29.97,788,28.8,tripping,valid
622,314_TRIPPING_2018-03-10-mtl-tbl-home_02_44_19.483000_to_02_44_30.027000.mp4,190,300,6.34,10.01,close,29.97,907,32.9,tripping,train
623,317_TRIPPING_2017-11-25-min-stl-home_00_16_51.711000_to_00_17_02.621000.mp4,702,905,23.42,30.2,far,29.97,905,31.62,faceoff,train
624,318_TRIPPING_2017-11-25-min-stl-home_02_23_34.873000_to_02_23_50.956000.mp4,400,637,13.35,21.25,far,29.97,1047,37.36,faceoff,test
625,318_TRIPPING_2017-11-25-min-stl-home_02_23_34.873000_to_02_23_50.956000.mp4,998,1047,33.3,34.93,far,29.97,1047,37.36,faceoff,train
626,319_TRIPPING_2018-01-04-tbl-mtl-home_00_41_58.750000_to_00_42_08.893000.mp4,147,162,4.9,5.41,far,29.97,868,31.4,tripping,train
627,319_TRIPPING_2018-01-04-tbl-mtl-home_00_41_58.750000_to_00_42_08.893000.mp4,855,868,28.53,28.96,close,29.97,868,31.4,tripping,test
628,322_TRIPPING_2017-12-23-nsh-dal-home_00_31_54.079000_to_00_32_08.927000.mp4,78,312,2.6,10.41,mid,29.97,1037,37.01,faceoff,train
629,327_TRIPPING_2018-02-23-pit-car-home_02_31_31.449000_to_02_31_36.654000.mp4,0,32,0.0,1.07,far,29.97,754,27.31,faceoff,test
630,328_TRIPPING_2017-12-23-mtl-edm-national_02_11_53.773000_to_02_12_00.646000.mp4,338,386,11.28,12.88,close,29.97,759,27.76,faceoff,train
631,328_TRIPPING_2017-12-23-mtl-edm-national_02_11_53.773000_to_02_12_00.646000.mp4,595,680,19.85,22.69,close,29.97,759,27.76,faceoff,valid
632,331_TRIPPING_2018-03-17-bos-tbl-home_01_18_52.161000_to_01_19_08.143000.mp4,34,203,1.13,6.77,far,29.97,1079,37.63,faceoff,train
633,335_TRIPPING_2017-12-28-cgy-sjs-home_02_08_09.749000_to_02_08_14.420000.mp4,0,38,0.0,1.27,far,29.97,729,26.75,tripping,valid
634,335_TRIPPING_2017-12-28-cgy-sjs-home_02_08_09.749000_to_02_08_14.420000.mp4,708,729,23.62,24.32,far,29.97,729,26.75,tripping,train
635,336_TRIPPING_2018-03-24-stl-cbj-home_02_05_16.843000_to_02_05_20.012000.mp4,79,95,2.64,3.17,far,29.97,677,24.92,tripping,train
636,339_TRIPPING_2017-11-16-njd-tor-home_00_37_52.937000_to_00_37_57.141000.mp4,125,440,4.17,14.68,far,29.97,674,24.88,faceoff,train
637,341_TRIPPING_2018-01-09-car-tbl-home_00_12_22.175000_to_00_12_30.050000.mp4,499,562,16.65,18.75,far,29.97,806,29.33,faceoff,test
638,348_TRIPPING_2018-01-04-cbj-col-home_01_41_17.038000_to_01_41_23.110000.mp4,0,50,0.0,1.67,far,29.97,738,27.05,faceoff,train
639,349_TRIPPING_2018-03-21-mtl-pit-home_02_28_04.342000_to_02_28_11.649000.mp4,338,438,11.28,14.61,far,29.97,760,27.8,faceoff,valid
640,350_TRIPPING_2018-02-23-van-vgk-home_01_03_39.115000_to_01_04_27.297000.mp4,1274,1345,42.51,44.88,close,29.97,1980,68.48,tripping,test
641,350_TRIPPING_2018-02-23-van-vgk-home_01_03_39.115000_to_01_04_27.297000.mp4,1433,1557,47.81,51.95,close,29.97,1980,68.48,tripping,test
642,357_TRIPPING_2017-12-27-buf-nyi-home_01_24_04.339000_to_01_24_08.877000.mp4,705,733,23.52,24.46,mid,29.97,733,27.05,faceoff,train
643,361_TRIPPING_2018-05-04-tbl-bos-national_00_29_50.122000_to_00_29_58.497000.mp4,264,321,8.81,10.71,close,29.97,837,30.14,tripping,valid
644,365_TRIPPING_2018-03-11-nyi-cgy-national_01_31_00.188000_to_01_31_06.694000.mp4,644,789,21.49,26.33,far,29.97,789,28.89,faceoff,valid
645,369_TRIPPING_2017-11-05-njd-cgy-national_00_37_42.894000_to_00_37_48.066000.mp4,374,415,12.48,13.85,close,29.97,733,25.81,tripping,train
646,369_TRIPPING_2017-11-05-njd-cgy-national_00_37_42.894000_to_00_37_48.066000.mp4,649,662,21.65,22.09,far,29.97,733,25.81,tripping,train
647,373_TRIPPING_2017-11-29-wpg-col-home_00_32_44.596000_to_00_32_54.205000.mp4,0,112,0.0,3.74,far,29.97,819,31.25,faceoff,train
648,375_TRIPPING_2017-11-29-wpg-col-home_02_01_55.341000_to_02_02_06.452000.mp4,843,876,28.13,29.23,mid,29.97,876,33.49,faceoff,train
649,377_TRIPPING_2017-11-29-wpg-col-home_02_07_00.580000_to_02_07_14.828000.mp4,367,418,12.25,13.95,far,29.97,968,36.97,tripping,train
650,377_TRIPPING_2017-11-29-wpg-col-home_02_07_00.580000_to_02_07_14.828000.mp4,598,739,19.95,24.66,far,29.97,968,36.97,faceoff,train
651,379_TRIPPING_2017-11-29-wpg-col-home_02_15_09.435000_to_02_15_14.607000.mp4,511,595,17.05,19.85,close,29.97,722,26.52,tripping,test
652,384_TRIPPING_2018-01-20-tbl-min-home_02_42_58.602000_to_02_42_59.936000.mp4,433,607,14.45,20.25,far,29.97,607,23.81,faceoff,train
653,386_TRIPPING_2017-12-23-tor-nyr-home_02_30_34.859000_to_02_30_37.895000.mp4,500,643,16.68,21.45,far,29.97,643,23.87,faceoff,train
654,387_TRIPPING_2018-03-17-mtl-tor-national_02_16_37.222000_to_02_16_40.559000.mp4,74,110,2.47,3.67,close,29.97,701,25.13,tripping,train
655,387_TRIPPING_2018-03-17-mtl-tor-national_02_16_37.222000_to_02_16_40.559000.mp4,329,352,10.98,11.75,close,29.97,701,25.13,tripping,train
656,388_TRIPPING_2018-03-22-tbl-nyi-home_00_24_28.600000_to_00_24_39.711000.mp4,572,599,19.09,19.99,mid,29.97,924,33.26,tripping,train
657,388_TRIPPING_2018-03-22-tbl-nyi-home_00_24_28.600000_to_00_24_39.711000.mp4,882,913,29.43,30.46,mid,29.97,924,33.26,tripping,train
658,392_TRIPPING_2018-03-17-chi-buf-home_01_18_09.051000_to_01_18_17.293000.mp4,585,780,19.52,26.03,far,29.97,844,29.91,faceoff,test
659,393_TRIPPING_2017-12-29-pit-car-home_02_03_20.460000_to_02_03_24.697000.mp4,360,381,12.01,12.71,close,29.97,671,26.56,faceoff,test
660,394_TRIPPING_2017-12-16-pit-ari-home_00_25_15.180000_to_00_25_19.885000.mp4,467,703,15.58,23.46,far,29.97,703,27.24,faceoff,train
661,396_TRIPPING_2018-03-20-cbj-nyr-home_02_29_01.332000_to_02_29_10.041000.mp4,43,51,1.43,1.7,far,29.97,860,30.74,tripping,valid
662,397_TRIPPING_2017-11-28-tbl-buf-home_02_06_49.535000_to_02_06_54.540000.mp4,487,534,16.25,17.82,close,29.97,735,26.94,tripping,train
663,397_TRIPPING_2017-11-28-tbl-buf-home_02_06_49.535000_to_02_06_54.540000.mp4,648,686,21.62,22.89,mid,29.97,735,26.94,tripping,train
664,399_TRIPPING_2018-05-20-vgk-wpg-national_01_45_37.231000_to_01_47_38.285000.mp4,4020,4126,134.13,137.67,far,29.97,4218,141.97,faceoff,test
665,403_TRIPPING_2018-03-16-nsh-col-home_02_23_32.637000_to_02_23_33.572000.mp4,135,211,4.5,7.04,mid,29.97,615,22.66,tripping,test
666,403_TRIPPING_2018-03-16-nsh-col-home_02_23_32.637000_to_02_23_33.572000.mp4,324,356,10.81,11.88,close,29.97,615,22.66,tripping,train
667,406_TRIPPING_2017-12-12-cgy-min-home_02_22_08.053000_to_02_22_19.664000.mp4,285,461,9.51,15.38,close,29.97,936,33.92,faceoff,train
668,407_TRIPPING_2018-06-02-vgk-wsh-national_02_31_41.626000_to_02_31_48.099000.mp4,511,549,17.05,18.32,close,29.97,797,28.46,tripping,train
669,409_TRIPPING_2017-11-18-min-wsh-home_00_39_31.035000_to_00_39_34.172000.mp4,251,521,8.38,17.38,close,29.97,656,25.81,tripping,test
670,410_TRIPPING_2018-01-13-nyi-nyr-home_00_12_00.887000_to_00_12_05.959000.mp4,195,256,6.51,8.54,far,29.97,684,25.24,faceoff,test
671,411_TRIPPING_2018-01-13-nyi-nyr-home_00_12_09.796000_to_00_12_15.001000.mp4,0,34,0.0,1.13,far,29.97,730,27.22,faceoff,train
672,412_TRIPPING_2018-01-13-nyi-nyr-home_00_30_16.248000_to_00_30_24.689000.mp4,274,305,9.14,10.18,close,29.97,838,30.72,tripping,train
673,412_TRIPPING_2018-01-13-nyi-nyr-home_00_30_16.248000_to_00_30_24.689000.mp4,590,772,19.69,25.76,far,29.97,838,30.72,faceoff,test
674,413_TRIPPING_2018-01-24-lak-cgy-home_01_12_44.827000_to_01_12_51.667000.mp4,529,544,17.65,18.15,mid,29.97,746,27.33,tripping,train
675,413_TRIPPING_2018-01-24-lak-cgy-home_01_12_44.827000_to_01_12_51.667000.mp4,669,709,22.32,23.66,close,29.97,746,27.33,tripping,valid
676,414_TRIPPING_2018-01-24-lak-cgy-home_01_12_52.568000_to_01_13_01.945000.mp4,300,318,10.01,10.61,mid,29.97,829,31.74,tripping,valid
677,414_TRIPPING_2018-01-24-lak-cgy-home_01_12_52.568000_to_01_13_01.945000.mp4,438,487,14.61,16.25,close,29.97,829,31.74,tripping,test
678,416_TRIPPING_2018-02-15-edm-vgk-home_00_23_18.864000_to_00_23_25.705000.mp4,120,210,4.0,7.01,far,29.97,806,28.31,faceoff,test
679,418_TRIPPING_2017-11-08-bos-nyr-national_02_23_57.129000_to_02_24_00.232000.mp4,0,210,0.0,7.01,mid,29.97,669,25.05,faceoff,test
680,422_TRIPPING_2017-11-06-vgk-tor-home_00_14_17.290000_to_00_14_24.431000.mp4,600,784,20.02,26.16,close,29.97,784,28.59,faceoff,valid
681,424_TRIPPING_2017-11-20-wpg-nsh-home_00_20_28.094000_to_00_20_40.573000.mp4,720,957,24.02,31.93,far,29.97,957,34.35,faceoff,valid
682,425_TRIPPING_2017-11-20-wpg-nsh-home_02_25_36.795000_to_02_25_49.207000.mp4,838,940,27.96,31.36,far,29.97,940,34.05,faceoff,valid
683,427_TRIPPING_2018-09-17-min-wpg-home_00_26_10.803000_to_00_26_23.516000.mp4,840,960,28.03,32.03,,29.97,960,35.22,faceoff,train
684,428_TRIPPING_2017-11-22-min-buf-home_01_32_06.388000_to_01_32_10.025000.mp4,225,315,7.51,10.51,close,29.97,696,24.51,faceoff,train
685,434_TRIPPING_2017-12-10-ari-chi-home_01_31_15.136000_to_01_31_29.717000.mp4,930,1029,31.03,34.33,far,29.97,1029,36.93,faceoff,test
686,437_TRIPPING_2017-12-16-tbl-col-home_02_23_46.184000_to_02_23_48.954000.mp4,403,523,13.45,17.45,mid,29.97,687,25.24,tripping,test
687,442_TRIPPING_2017-11-28-ari-edm-home_00_31_46.671000_to_00_31_50.175000.mp4,510,540,17.02,18.02,mid,29.97,700,25.94,faceoff,train
688,443_TRIPPING_2017-11-28-ari-edm-home_00_31_55.213000_to_00_31_59.318000.mp4,182,242,6.07,8.07,mid,29.97,674,25.88,faceoff,test
689,444_TRIPPING_2017-11-28-ari-edm-home_00_34_44.115000_to_00_34_50.121000.mp4,465,738,15.52,24.62,close,29.97,768,28.05,faceoff,train
690,447_TRIPPING_2017-12-09-col-fla-home_01_39_23.991000_to_01_39_31.132000.mp4,671,757,22.39,25.26,mid,29.97,757,29.85,faceoff,test
691,471_TRIPPING_2018-01-02-fla-min-home_01_09_15.518000_to_01_09_26.896000.mp4,806,818,26.89,27.29,far,29.97,909,32.75,faceoff,test
692,472_TRIPPING_2018-01-18-stl-ott-home_02_21_53.739000_to_02_22_00.112000.mp4,702,719,23.42,23.99,far,29.97,740,26.6,faceoff,train
693,474_TRIPPING_2018-09-19-phi-nyr-home_01_02_12.195000_to_01_02_21.271000.mp4,528,575,17.62,19.19,mid,29.97,828,31.49,faceoff,valid
694,476_TRIPPING_2017-11-14-cbj-mtl-home_01_21_59.214000_to_01_22_03.852000.mp4,452,490,15.08,16.35,close,29.97,720,26.56,tripping,train
695,478_TRIPPING_2018-01-14-nyr-pit-national_02_09_42.975000_to_02_09_57.456000.mp4,41,73,1.37,2.44,far,29.97,967,34.69,tripping,train
696,478_TRIPPING_2018-01-14-nyr-pit-national_02_09_42.975000_to_02_09_57.456000.mp4,630,679,21.02,22.66,mid,29.97,967,34.69,faceoff,valid
697,478_TRIPPING_2018-01-14-nyr-pit-national_02_09_42.975000_to_02_09_57.456000.mp4,846,909,28.23,30.33,close,29.97,967,34.69,tripping,test
698,479_TRIPPING_2017-12-10-buf-stl-home_01_08_11.888000_to_01_08_17.460000.mp4,486,580,16.22,19.35,mid,29.97,703,27.82,tripping,test
699,480_TRIPPING_2017-12-10-buf-stl-home_01_08_29.872000_to_01_08_41.484000.mp4,0,80,0.0,2.67,mid,29.97,898,32.38,tripping,test
700,480_TRIPPING_2017-12-10-buf-stl-home_01_08_29.872000_to_01_08_41.484000.mp4,500,613,16.68,20.45,close,29.97,898,32.38,faceoff,train
701,480_TRIPPING_2017-12-10-buf-stl-home_01_08_29.872000_to_01_08_41.484000.mp4,717,777,23.92,25.93,far,29.97,898,32.38,tripping,test
702,481_TRIPPING_2017-11-04-wsh-bos-home_02_31_00.985000_to_02_31_14.766000.mp4,5,66,0.17,2.2,mid,29.97,998,35.69,tripping,train
703,481_TRIPPING_2017-11-04-wsh-bos-home_02_31_00.985000_to_02_31_14.766000.mp4,543,653,18.12,21.79,far,29.97,998,35.69,faceoff,valid
704,482_TRIPPING_2018-04-06-buf-tbl-home_02_18_54.726000_to_02_19_08.240000.mp4,431,561,14.38,18.72,mid,29.97,974,34.92,tripping,train
705,485_TRIPPING_2018-03-15-nsh-ari-home_01_08_53.563000_to_01_09_05.609000.mp4,380,460,12.68,15.35,far,29.97,946,33.86,faceoff,train
706,486_TRIPPING_2017-11-07-edm-nyi-home_00_19_15.755000_to_00_19_20.359000.mp4,426,637,14.21,21.25,close,29.97,728,26.67,tripping,train
707,487_TRIPPING_2017-11-07-edm-nyi-home_00_40_48.613000_to_00_40_57.589000.mp4,56,98,1.87,3.27,far,29.97,831,30.14,tripping,train
708,488_TRIPPING_2017-11-07-edm-nyi-home_00_40_57.255000_to_00_41_02.427000.mp4,646,714,21.55,23.82,close,29.97,751,27.44,tripping,train
709,489_TRIPPING_2017-11-07-edm-nyi-home_00_41_03.161000_to_00_41_06.131000.mp4,464,529,15.48,17.65,close,29.97,676,23.68,tripping,train
710,491_TRIPPING_2018-02-11-cgy-nyi-home_01_30_51.880000_to_01_31_05.727000.mp4,96,137,3.2,4.57,far,29.97,985,35.29,tripping,train
711,491_TRIPPING_2018-02-11-cgy-nyi-home_01_30_51.880000_to_01_31_05.727000.mp4,727,813,24.26,27.13,mid,29.97,985,35.29,tripping,valid
712,492_TRIPPING_2018-02-08-nsh-ott-home_02_09_16.882000_to_02_09_20.653000.mp4,324,423,10.81,14.11,close,29.97,689,26.58,tripping,train
713,495_TRIPPING_2017-12-10-edm-tor-national_02_02_18.731000_to_02_02_23.703000.mp4,186,243,6.21,8.11,close,29.97,718,26.39,tripping,train
714,498_TRIPPING_2018-02-27-lak-vgk-national_02_17_06.752000_to_02_17_10.189000.mp4,4,72,0.13,2.4,far,29.97,665,25.22,tripping,train
715,502_TRIPPING_2018-04-17-wsh-cbj-home_03_20_14.569000_to_03_20_27.715000.mp4,758,857,25.29,28.6,far,29.97,998,34.99,tripping,train
716,502_TRIPPING_2018-04-17-wsh-cbj-home_03_20_14.569000_to_03_20_27.715000.mp4,895,998,29.86,33.3,mid,29.97,998,34.99,tripping,test
717,503_TRIPPING_2018-01-03-chi-nyr-national_00_30_48.847000_to_00_31_13.138000.mp4,16,70,0.53,2.34,far,29.97,1315,46.29,faceoff,train
718,505_TRIPPING_2017-11-11-nyi-stl-home_01_43_10.584000_to_01_43_14.789000.mp4,692,710,23.09,23.69,mid,29.97,710,26.16,tripping,train
719,506_TRIPPING_2017-11-11-nyi-stl-home_01_43_28.502000_to_01_43_31.405000.mp4,169,232,5.64,7.74,close,29.97,683,24.68,tripping,train
720,509_TRIPPING_2018-02-07-nsh-tor-home_01_35_31.226000_to_01_37_16.898000.mp4,172,221,5.74,7.37,far,29.97,3709,126.19,tripping,train
721,511_TRIPPING_2018-04-22-nsh-col-national_00_58_33.977000_to_00_58_41.317000.mp4,156,201,5.21,6.71,far,29.97,761,27.82,tripping,train
722,511_TRIPPING_2018-04-22-nsh-col-national_00_58_33.977000_to_00_58_41.317000.mp4,350,389,11.68,12.98,close,29.97,761,27.82,tripping,train
723,512_TRIPPING_2018-04-22-nsh-col-national_02_03_28.701000_to_02_03_34.940000.mp4,188,235,6.27,7.84,far,29.97,753,27.56,tripping,valid
724,512_TRIPPING_2018-04-22-nsh-col-national_02_03_28.701000_to_02_03_34.940000.mp4,381,419,12.71,13.98,close,29.97,753,27.56,tripping,valid
725,513_TRIPPING_2018-02-15-det-tbl-home_00_46_09_to_00_46_15.873000.mp4,298,451,9.94,15.05,mid,29.97,770,28.12,tripping,train
726,514_TRIPPING_2018-02-15-det-tbl-home_00_46_32.723000_to_00_46_34.325000.mp4,183,314,6.11,10.48,far,29.97,648,24.24,faceoff,train
727,516_TRIPPING_2018-02-15-det-tbl-home_01_19_42.544000_to_01_19_48.217000.mp4,149,231,4.97,7.71,far,29.97,750,28.44,tripping,valid
728,517_TRIPPING_2018-02-15-det-tbl-home_01_34_06.040000_to_01_34_12.447000.mp4,0,81,0.0,2.7,close,29.97,731,26.82,tripping,test
729,517_TRIPPING_2018-02-15-det-tbl-home_01_34_06.040000_to_01_34_12.447000.mp4,627,697,20.92,23.26,far,29.97,731,26.82,faceoff,train
730,518_TRIPPING_2018-01-19-vgk-fla-home_01_33_49.491000_to_01_33_58.399000.mp4,344,484,11.48,16.15,close,29.97,835,31.4,tripping,train
731,519_TRIPPING_2017-11-22-cgy-cbj-home_01_05_05.568000_to_01_05_08.138000.mp4,389,445,12.98,14.85,mid,29.97,654,24.26,tripping,train
732,520_TRIPPING_2017-11-26-van-nyr-home_01_27_19.267000_to_01_27_22.471000.mp4,367,437,12.25,14.58,close,29.97,669,25.45,tripping,valid
733,521_TRIPPING_2017-11-26-van-nyr-home_01_29_40.141000_to_01_29_43.612000.mp4,2,66,0.07,2.2,far,29.97,699,24.9,faceoff,valid
734,522_TRIPPING_2018-03-23-njd-pit-home_01_06_51.241000_to_01_07_01.417000.mp4,513,612,17.12,20.42,far,29.97,899,32.04,faceoff,train
735,523_TRIPPING_2018-03-23-njd-pit-home_01_24_22.925000_to_01_24_27.395000.mp4,260,351,8.68,11.71,far,29.97,672,26.69,tripping,train
736,525_TRIPPING_2017-12-31-tbl-cbj-home_01_05_55.218000_to_01_06_04.794000.mp4,579,626,19.32,20.89,close,29.97,852,30.85,tripping,test
737,526_TRIPPING_2018-02-13-cbj-nyi-home_00_39_47.151000_to_00_39_56.361000.mp4,466,580,15.55,19.35,mid,29.97,871,31.34,tripping,train
738,527_TRIPPING_2018-03-06-fla-tbl-home_02_09_51.684000_to_02_09_56.088000.mp4,478,631,15.95,21.05,close,29.97,701,26.77,tripping,train
739,528_TRIPPING_2018-03-06-fla-tbl-home_02_10_14.273000_to_02_10_32.925000.mp4,458,588,15.28,19.62,close,29.97,1130,40.13,faceoff,valid
740,529_TRIPPING_2018-02-18-fla-wpg-home_01_04_37.340000_to_01_04_42.111000.mp4,29,78,0.97,2.6,close,29.97,720,26.5,tripping,train
741,529_TRIPPING_2018-02-18-fla-wpg-home_01_04_37.340000_to_01_04_42.111000.mp4,603,644,20.12,21.49,close,29.97,720,26.5,tripping,test
742,530_TRIPPING_2018-02-18-fla-wpg-home_01_26_17.272000_to_01_26_25.981000.mp4,685,722,22.86,24.09,close,29.97,851,30.83,tripping,test
743,533_TRIPPING_2017-11-22-bos-njd-home_01_31_28.550000_to_01_31_33.655000.mp4,0,160,0.0,5.34,mid,29.97,697,27.41,faceoff,train
744,533_TRIPPING_2017-11-22-bos-njd-home_01_31_28.550000_to_01_31_33.655000.mp4,395,464,13.18,15.48,mid,29.97,697,27.41,faceoff,train
745,535_TRIPPING_2018-02-22-cbj-phi-home_01_14_51.687000_to_01_15_10.506000.mp4,722,763,24.09,25.46,mid,29.97,1157,40.83,tripping,train
746,535_TRIPPING_2018-02-22-cbj-phi-home_01_14_51.687000_to_01_15_10.506000.mp4,988,1077,32.97,35.94,close,29.97,1157,40.83,tripping,valid
747,536_TRIPPING_2018-02-22-cbj-phi-home_02_11_15.634000_to_02_11_26.312000.mp4,186,317,6.21,10.58,close,29.97,855,32.7,tripping,train
748,536_TRIPPING_2018-02-22-cbj-phi-home_02_11_15.634000_to_02_11_26.312000.mp4,420,588,14.01,19.62,mid,29.97,855,32.7,tripping,train
749,537_TRIPPING_2017-11-12-njd-chi-home_00_16_36.562000_to_00_16_44.938000.mp4,710,795,23.69,26.53,far,29.97,795,28.95,faceoff,valid
750,538_TRIPPING_2017-12-16-edm-min-home_01_38_13.788000_to_01_38_25.600000.mp4,503,544,16.78,18.15,mid,29.97,893,34.56,tripping,valid
751,539_TRIPPING_2018-03-02-buf-fla-home_01_17_32.081000_to_01_17_40.122000.mp4,280,461,9.34,15.38,mid,29.97,841,30.51,tripping,train
752,539_TRIPPING_2018-03-02-buf-fla-home_01_17_32.081000_to_01_17_40.122000.mp4,723,811,24.12,27.06,close,29.97,841,30.51,faceoff,train
753,540_TRIPPING_2018-02-15-wsh-min-home_01_27_44.259000_to_01_27_53.468000.mp4,286,399,9.54,13.31,mid,29.97,848,31.68,tripping,valid
754,540_TRIPPING_2018-02-15-wsh-min-home_01_27_44.259000_to_01_27_53.468000.mp4,790,848,26.36,28.29,far,29.97,848,31.68,faceoff,train
755,541_TRIPPING_2018-02-15-wsh-min-home_02_12_29.575000_to_02_12_36.816000.mp4,236,306,7.87,10.21,close,29.97,793,28.89,tripping,valid
756,541_TRIPPING_2018-02-15-wsh-min-home_02_12_29.575000_to_02_12_36.816000.mp4,677,756,22.59,25.23,far,29.97,793,28.89,faceoff,train
757,542_TRIPPING_2017-12-20-tor-cbj-home_01_21_25.814000_to_01_21_40.229000.mp4,93,140,3.1,4.67,far,29.97,987,35.37,tripping,test
758,542_TRIPPING_2017-12-20-tor-cbj-home_01_21_25.814000_to_01_21_40.229000.mp4,722,824,24.09,27.49,mid,29.97,987,35.37,tripping,train
759,543_TRIPPING_2017-12-20-tor-cbj-home_01_21_42.164000_to_01_21_51.440000.mp4,273,369,9.11,12.31,mid,29.97,873,31.55,tripping,valid
760,546_TRIPPING_2018-02-05-tbl-edm-home_01_19_33.636000_to_01_21_33.155000.mp4,198,232,6.61,7.74,close,29.97,4150,141.78,tripping,valid
761,546_TRIPPING_2018-02-05-tbl-edm-home_01_19_33.636000_to_01_21_33.155000.mp4,4024,4142,134.27,138.2,close,29.97,4150,141.78,faceoff,train
762,547_TRIPPING_2018-03-02-ott-vgk-home_00_17_41.193000_to_00_17_46.999000.mp4,334,376,11.14,12.55,mid,29.97,705,25.96,tripping,train
763,547_TRIPPING_2018-03-02-ott-vgk-home_00_17_41.193000_to_00_17_46.999000.mp4,458,519,15.28,17.32,close,29.97,705,25.96,tripping,test
764,549_TRIPPING_2018-03-24-lak-edm-national_01_52_16.697000_to_01_52_21.901000.mp4,163,235,5.44,7.84,far,29.97,757,26.62,faceoff,train
765,550_TRIPPING_2017-12-08-buf-chi-home_00_11_09.002000_to_00_11_16.943000.mp4,130,213,4.34,7.11,mid,29.97,828,30.04,tripping,train
766,550_TRIPPING_2017-12-08-buf-chi-home_00_11_09.002000_to_00_11_16.943000.mp4,401,491,13.38,16.38,close,29.97,828,30.04,faceoff,train
767,550_TRIPPING_2017-12-08-buf-chi-home_00_11_09.002000_to_00_11_16.943000.mp4,601,664,20.05,22.16,close,29.97,828,30.04,faceoff,test
768,551_TRIPPING_2018-01-12-edm-ari-home_00_18_07.987000_to_00_18_13.926000.mp4,339,479,11.31,15.98,mid,29.97,762,27.86,tripping,valid
769,551_TRIPPING_2018-01-12-edm-ari-home_00_18_07.987000_to_00_18_13.926000.mp4,372,479,12.41,15.98,mid,29.97,762,27.86,tripping,train
770,552_TRIPPING_2018-01-21-sjs-ana-home_01_07_07.590000_to_01_07_16.833000.mp4,632,827,21.09,27.59,close,29.97,836,31.4,faceoff,test
771,553_TRIPPING_2018-04-06-stl-chi-home_02_01_44.731000_to_02_02_10.623000.mp4,0,82,0.0,2.74,mid,29.97,1376,47.98,tripping,train
772,553_TRIPPING_2018-04-06-stl-chi-home_02_01_44.731000_to_02_02_10.623000.mp4,141,270,4.7,9.01,close,29.97,1376,47.98,tripping,train
773,553_TRIPPING_2018-04-06-stl-chi-home_02_01_44.731000_to_02_02_10.623000.mp4,770,826,25.69,27.56,far,29.97,1376,47.98,faceoff,train
774,554_TRIPPING_2018-04-05-nsh-wsh-national_01_14_51.220000_to_01_14_54.123000.mp4,81,123,2.7,4.1,far,29.97,666,24.66,tripping,valid
775,554_TRIPPING_2018-04-05-nsh-wsh-national_01_14_51.220000_to_01_14_54.123000.mp4,602,617,20.09,20.59,far,29.97,666,24.66,faceoff,test
776,555_TRIPPING_2018-02-18-dal-sjs-home_00_16_03.629000_to_00_16_07.mp4,0,80,0.0,2.67,close,29.97,633,24.73,faceoff,train
777,556_TRIPPING_2018-04-05-tor-njd-home_00_26_09.568000_to_00_26_14.239000.mp4,0,83,0.0,2.77,far,29.97,682,26.69,faceoff,train
778,557_TRIPPING_2018-04-05-tor-njd-home_01_08_46.222000_to_01_08_52.261000.mp4,0,132,0.0,4.4,far,29.97,771,27.69,faceoff,train
779,559_TRIPPING_2018-01-09-wpg-buf-home_01_38_53.895000_to_01_38_55.363000.mp4,225,285,7.51,9.51,mid,29.97,585,23.62,tripping,train
780,560_TRIPPING_2018-02-03-tor-bos-home_01_17_15.764000_to_01_17_22.205000.mp4,86,176,2.87,5.87,far,29.97,754,27.58,faceoff,train
781,561_TRIPPING_2017-12-28-chi-van-national_00_13_55.968000_to_00_14_00.539000.mp4,488,595,16.28,19.85,mid,29.97,668,24.73,tripping,train
782,562_TRIPPING_2017-12-28-chi-van-national_00_14_11.818000_to_00_14_14.420000.mp4,25,163,0.83,5.44,mid,29.97,634,23.57,tripping,valid
783,564_TRIPPING_2018-02-17-lak-buf-home_00_23_00.880000_to_00_23_09.255000.mp4,91,114,3.04,3.8,close,29.97,838,30.59,tripping,test
784,564_TRIPPING_2018-02-17-lak-buf-home_00_23_00.880000_to_00_23_09.255000.mp4,190,227,6.34,7.57,mid,29.97,838,30.59,tripping,test
785,564_TRIPPING_2018-02-17-lak-buf-home_00_23_00.880000_to_00_23_09.255000.mp4,543,703,18.12,23.46,far,29.97,838,30.59,faceoff,train
786,565_TRIPPING_2017-11-14-dal-fla-home_00_12_51.471000_to_00_13_00.246000.mp4,650,690,21.69,23.02,close,29.97,811,29.48,faceoff,train
787,566_TRIPPING_2017-11-14-dal-fla-home_00_28_51.463000_to_00_29_01.407000.mp4,568,689,18.95,22.99,close,29.97,892,32.17,tripping,test
788,567_TRIPPING_2017-11-14-dal-fla-home_00_29_03.575000_to_00_29_09.181000.mp4,189,309,6.31,10.31,close,29.97,750,27.46,tripping,valid
789,567_TRIPPING_2017-11-14-dal-fla-home_00_29_03.575000_to_00_29_09.181000.mp4,547,607,18.25,20.25,far,29.97,750,27.46,faceoff,test
790,568_TRIPPING_2017-11-14-dal-fla-home_01_17_16.098000_to_01_17_22.404000.mp4,232,341,7.74,11.38,mid,29.97,760,27.78,tripping,train
791,568_TRIPPING_2017-11-14-dal-fla-home_01_17_16.098000_to_01_17_22.404000.mp4,732,760,24.42,25.36,close,29.97,760,27.78,faceoff,train
792,569_TRIPPING_2017-11-14-dal-fla-home_01_17_20.369000_to_01_17_28.344000.mp4,107,217,3.57,7.24,mid,29.97,815,28.72,tripping,test
793,569_TRIPPING_2017-11-14-dal-fla-home_01_17_20.369000_to_01_17_28.344000.mp4,609,669,20.32,22.32,close,29.97,815,28.72,faceoff,train
794,570_TRIPPING_2017-11-14-dal-fla-home_01_17_25.908000_to_01_17_36.586000.mp4,0,73,0.0,2.44,mid,29.97,921,31.96,tripping,train
795,570_TRIPPING_2017-11-14-dal-fla-home_01_17_25.908000_to_01_17_36.586000.mp4,468,518,15.62,17.28,close,29.97,921,31.96,faceoff,train
796,570_TRIPPING_2017-11-14-dal-fla-home_01_17_25.908000_to_01_17_36.586000.mp4,698,798,23.29,26.63,close,29.97,921,31.96,faceoff,valid
797,571_TRIPPING_2018-03-11-dal-pit-national_00_15_27.960000_to_00_15_37.136000.mp4,310,447,10.34,14.91,far,29.97,863,31.21,tripping,train
798,571_TRIPPING_2018-03-11-dal-pit-national_00_15_27.960000_to_00_15_37.136000.mp4,547,637,18.25,21.25,mid,29.97,863,31.21,tripping,train
799,571_TRIPPING_2018-03-11-dal-pit-national_00_15_27.960000_to_00_15_37.136000.mp4,817,863,27.26,28.8,far,29.97,863,31.21,faceoff,train
800,573_TRIPPING_2017-12-29-cgy-ana-home_00_09_53.093000_to_00_10_04.504000.mp4,779,826,25.99,27.56,far,29.97,944,33.94,faceoff,train
801,575_TRIPPING_2018-05-01-wsh-pit-national_00_24_27.499000_to_00_24_29.535000.mp4,430,500,14.35,16.68,close,29.97,619,23.08,tripping,train
802,577_TRIPPING_2017-11-16-car-nyi-home_00_44_16.254000_to_00_44_22.159000.mp4,677,737,22.59,24.59,mid,29.97,737,28.22,tripping,train
803,581_TRIPPING_2017-12-19-det-nyi-home_01_27_01.717000_to_01_27_05.754000.mp4,56,160,1.87,5.34,mid,29.97,694,25.56,tripping,train
804,581_TRIPPING_2017-12-19-det-nyi-home_01_27_01.717000_to_01_27_05.754000.mp4,311,451,10.38,15.05,mid,29.97,694,25.56,faceoff,test
805,581_TRIPPING_2017-12-19-det-nyi-home_01_27_01.717000_to_01_27_05.754000.mp4,601,694,20.05,23.16,close,29.97,694,25.56,faceoff,train
806,583_TRIPPING_2018-09-15-bos-cgy-national_03_05_13.169000_to_03_05_19.175000.mp4,200,263,6.67,8.78,mid,29.97,769,28.1,tripping,train
807,585_TRIPPING_2018-01-07-sjs-wpg-home_01_26_31.687000_to_01_26_37.092000.mp4,500,650,16.68,21.69,far,29.97,735,26.9,faceoff,train
808,586_TRIPPING_2018-01-25-buf-van-home_02_15_49.141000_to_02_16_07.026000.mp4,311,378,10.38,12.61,mid,29.97,1093,38.91,tripping,train
809,586_TRIPPING_2018-01-25-buf-van-home_02_15_49.141000_to_02_16_07.026000.mp4,325,378,10.84,12.61,mid,29.97,1093,38.91,tripping,train
810,586_TRIPPING_2018-01-25-buf-van-home_02_15_49.141000_to_02_16_07.026000.mp4,493,545,16.45,18.18,mid,29.97,1093,38.91,tripping,train
811,587_TRIPPING_2017-12-29-tor-col-home_00_40_20.952000_to_00_40_27.625000.mp4,500,558,16.68,18.62,mid,29.97,758,29.78,tripping,test
812,587_TRIPPING_2017-12-29-tor-col-home_00_40_20.952000_to_00_40_27.625000.mp4,668,758,22.29,25.29,mid,29.97,758,29.78,tripping,test
813,588_TRIPPING_2017-11-24-pit-bos-national_00_23_15.160000_to_00_23_19.465000.mp4,170,260,5.67,8.68,far,29.97,694,26.41,faceoff,test
814,589_TRIPPING_2018-03-24-tbl-njd-home_02_02_19.532000_to_02_02_34.581000.mp4,343,467,11.44,15.58,far,29.97,1044,37.25,faceoff,test
815,590_TRIPPING_2018-05-15-tbl-wsh-national_00_25_57.122000_to_00_26_00.526000.mp4,303,336,10.11,11.21,close,29.97,655,23.98,tripping,train
816,591_TRIPPING_2018-09-19-cgy-van-national_01_24_40.008000_to_01_24_46.382000.mp4,325,379,10.84,12.65,close,29.97,791,28.57,tripping,test
817,592_TRIPPING_2017-11-25-vgk-ari-home_02_12_16.662000_to_02_12_28.107000.mp4,391,453,13.05,15.12,mid,29.97,907,33.77,tripping,valid
818,592_TRIPPING_2017-11-25-vgk-ari-home_02_12_16.662000_to_02_12_28.107000.mp4,508,620,16.95,20.69,close,29.97,907,33.77,tripping,train
819,593_TRIPPING_2017-12-21-car-nsh-home_00_45_34.298000_to_00_45_38.169000.mp4,102,248,3.4,8.27,close,29.97,690,25.45,tripping,train
820,593_TRIPPING_2017-12-21-car-nsh-home_00_45_34.298000_to_00_45_38.169000.mp4,469,510,15.65,17.02,far,29.97,690,25.45,faceoff,valid
821,594_TRIPPING_2017-12-21-car-nsh-home_01_13_22.798000_to_01_13_27.270000.mp4,220,260,7.34,8.68,close,29.97,688,26.43,tripping,train
822,594_TRIPPING_2017-12-21-car-nsh-home_01_13_22.798000_to_01_13_27.270000.mp4,568,621,18.95,20.72,far,29.97,688,26.43,faceoff,train
823,595_TRIPPING_2018-04-11-phi-pit-national_00_27_10.062000_to_00_27_15.467000.mp4,58,139,1.94,4.64,mid,29.97,717,27.67,tripping,train
824,595_TRIPPING_2018-04-11-phi-pit-national_00_27_10.062000_to_00_27_15.467000.mp4,318,358,10.61,11.95,far,29.97,717,27.67,faceoff,train
825,596_TRIPPING_2018-04-29-pit-wsh-national_02_51_03.453000_to_02_51_05.622000.mp4,180,470,6.01,15.68,mid,29.97,613,24.36,faceoff,train
826,597_TRIPPING_2018-05-02-tbl-bos-national_00_41_32.790000_to_00_41_43.567000.mp4,0,150,0.0,5.0,far,29.97,900,31.08,faceoff,train
827,598_TRIPPING_2017-12-30-min-nsh-home_01_13_13.756000_to_01_13_18.728000.mp4,300,380,10.01,12.68,far,29.97,732,27.65,tripping,test
828,599_TRIPPING_2017-12-30-min-nsh-home_01_30_06.034000_to_01_30_10.038000.mp4,170,224,5.67,7.47,mid,29.97,666,24.66,tripping,train
829,600_TRIPPING_2017-12-30-min-nsh-home_02_00_00.894000_to_02_00_06.666000.mp4,217,300,7.24,10.01,mid,29.97,736,28.37,tripping,train
830,600_TRIPPING_2017-12-30-min-nsh-home_02_00_00.894000_to_02_00_06.666000.mp4,330,401,11.01,13.38,mid,29.97,736,28.37,tripping,valid
831,601_TRIPPING_2017-12-30-min-nsh-home_02_02_56.102000_to_02_03_03.609000.mp4,242,279,8.07,9.31,close,29.97,811,30.17,tripping,test
832,602_TRIPPING_2017-12-17-cgy-van-national_01_08_08.017000_to_01_08_12.388000.mp4,207,248,6.91,8.27,far,29.97,702,27.16,faceoff,train
833,605_TRIPPING_2017-12-19-fla-ari-home_00_38_37.816000_to_00_38_43.721000.mp4,481,525,16.05,17.52,mid,29.97,719,26.41,tripping,train
834,606_TRIPPING_2017-12-30-mtl-fla-home_01_42_36.517000_to_01_42_45.660000.mp4,61,234,2.04,7.81,mid,29.97,812,29.53,tripping,train
835,607_TRIPPING_2017-11-28-sjs-phi-home_01_28_17.826000_to_01_28_22.530000.mp4,708,743,23.62,24.79,mid,29.97,744,27.12,tripping,test
836,608_TRIPPING_2017-11-28-sjs-phi-home_01_28_20.328000_to_01_28_26.535000.mp4,627,704,20.92,23.49,mid,29.97,789,27.84,tripping,train
837,609_TRIPPING_2018-03-18-dal-wpg-national_01_09_42.545000_to_01_09_54.023000.mp4,96,126,3.2,4.2,far,29.97,935,33.84,faceoff,valid
838,610_TRIPPING_2018-03-18-dal-wpg-national_02_16_35.621000_to_02_16_36.521000.mp4,40,66,1.33,2.2,close,29.97,627,23.08,tripping,train
839,610_TRIPPING_2018-03-18-dal-wpg-national_02_16_35.621000_to_02_16_36.521000.mp4,510,571,17.02,19.05,close,29.97,627,23.08,faceoff,train
840,611_TRIPPING_2017-12-28-mtl-tbl-home_00_34_24.129000_to_00_34_40.178000.mp4,643,760,21.45,25.36,close,29.97,1070,38.06,tripping,valid
841,611_TRIPPING_2017-12-28-mtl-tbl-home_00_34_24.129000_to_00_34_40.178000.mp4,898,997,29.96,33.27,close,29.97,1070,38.06,tripping,train
842,612_TRIPPING_2018-02-06-vgk-pit-home_01_02_42.392000_to_01_02_56.806000.mp4,30,160,1.0,5.34,close,29.97,993,36.84,tripping,train
843,612_TRIPPING_2018-02-06-vgk-pit-home_01_02_42.392000_to_01_02_56.806000.mp4,560,671,18.69,22.39,close,29.97,993,36.84,faceoff,valid
844,614_TRIPPING_2017-12-29-phi-tbl-home_02_18_19.992000_to_02_18_30.502000.mp4,166,286,5.54,9.54,far,29.97,893,32.21,faceoff,train
845,614_TRIPPING_2017-12-29-phi-tbl-home_02_18_19.992000_to_02_18_30.502000.mp4,626,686,20.89,22.89,far,29.97,893,32.21,tripping,test
846,615_TRIPPING_2018-01-23-lak-van-home_01_16_45.534000_to_01_17_00.483000.mp4,300,381,10.01,12.71,close,29.97,1033,35.9,tripping,train
847,617_TRIPPING_2017-11-14-buf-pit-home_01_34_25.827000_to_01_34_30.531000.mp4,159,259,5.31,8.64,far,29.97,700,24.88,faceoff,train
848,619_TRIPPING_2018-03-10-njd-nsh-home_02_10_12.171000_to_02_10_16.809000.mp4,0,60,0.0,2.0,mid,29.97,722,25.98,tripping,train
849,619_TRIPPING_2018-03-10-njd-nsh-home_02_10_12.171000_to_02_10_16.809000.mp4,690,722,23.02,24.09,close,29.97,722,25.98,faceoff,test
850,620_TRIPPING_2018-03-10-njd-nsh-home_02_53_07.711000_to_02_53_27.531000.mp4,644,676,21.49,22.56,close,29.97,1191,42.16,tripping,train
851,620_TRIPPING_2018-03-10-njd-nsh-home_02_53_07.711000_to_02_53_27.531000.mp4,681,745,22.72,24.86,mid,29.97,1191,42.16,tripping,train
852,622_TRIPPING_2017-11-30-dal-chi-home_02_26_21.806000_to_02_28_34.739000.mp4,204,224,6.81,7.47,close,29.97,4527,154.94,tripping,train
853,622_TRIPPING_2017-11-30-dal-chi-home_02_26_21.806000_to_02_28_34.739000.mp4,4012,4045,133.87,134.97,far,29.97,4527,154.94,faceoff,train
854,623_TRIPPING_2017-11-07-stl-njd-home_00_09_00.240000_to_00_09_03.343000.mp4,40,110,1.33,3.67,mid,29.97,686,25.34,tripping,valid
855,623_TRIPPING_2017-11-07-stl-njd-home_00_09_00.240000_to_00_09_03.343000.mp4,177,216,5.91,7.21,mid,29.97,686,25.34,tripping,test
856,623_TRIPPING_2017-11-07-stl-njd-home_00_09_00.240000_to_00_09_03.343000.mp4,542,623,18.08,20.79,far,29.97,686,25.34,faceoff,train
857,625_TRIPPING_2017-11-07-stl-njd-home_00_40_55.153000_to_00_41_01.493000.mp4,372,422,12.41,14.08,mid,29.97,764,28.67,tripping,train
858,627_TRIPPING_2018-01-18-wsh-njd-home_00_03_45.992000_to_00_03_52.966000.mp4,139,176,4.64,5.87,mid,29.97,759,27.76,tripping,train
859,628_TRIPPING_2018-01-18-wsh-njd-home_00_42_36.521000_to_00_42_42.593000.mp4,0,250,0.0,8.34,far,29.97,753,28.48,faceoff,valid
860,628_TRIPPING_2018-01-18-wsh-njd-home_00_42_36.521000_to_00_42_42.593000.mp4,400,581,13.35,19.39,far,29.97,753,28.48,faceoff,train
861,630_TRIPPING_2018-02-03-ari-lak-home_00_11_37.964000_to_00_11_45.505000.mp4,228,318,7.61,10.61,far,29.97,821,29.38,tripping,train
862,631_TRIPPING_2017-11-19-col-det-home_01_16_37.927000_to_01_16_47.970000.mp4,59,110,1.97,3.67,far,29.97,853,32.38,tripping,train
863,631_TRIPPING_2017-11-19-col-det-home_01_16_37.927000_to_01_16_47.970000.mp4,830,853,27.69,28.46,mid,29.97,853,32.38,tripping,train
864,632_TRIPPING_2017-11-05-col-nyi-home_00_40_15.613000_to_00_40_24.488000.mp4,80,180,2.67,6.01,far,29.97,814,31.1,faceoff,train
